HomeTeam,AwayTeam,FTR,FTHG,FTAG,Referee,B365H,B365D,B365A,Season,Home_ELO,Home_LP,Home_Points,Home_GD,Home_Played,Away_ELO,Away_LP,Away_Points,Away_GD,Away_Played,home_last_match,home_last_3,home_last_5,away_last_match,away_last_3,away_last_5,Home_Points/Played,Away_Points/Played
Man United,Leicester,H,2,1,A Marriner,1.57,3.9,7.5,18/19,1882.25524902,1.0,0.0,0.0,0.0,1694.578125,1.0,0.0,0.0,0.0,0.0,0.0,0.0,0.0,0.0,0.0,0.0,0.0
Bournemouth,Cardiff,H,2,0,K Friend,1.9,3.6,4.5,18/19,1670.79980469,1.0,0.0,0.0,0.0,1573.71130371,1.0,0.0,0.0,0.0,0.0,0.0,0.0,0.0,0.0,0.0,0.0,0.0
Fulham,Crystal Palace,A,0,2,M Dean,2.5,3.4,3.0,18/19,1631.04772949,1.0,0.0,0.0,0.0,1690.26855469,1.0,0.0,0.0,0.0,0.0,0.0,0.0,0.0,0.0,0.0,0.0,0.0
Huddersfield,Chelsea,A,0,3,C Kavanagh,6.5,4.0,1.61,18/19,1564.29187012,1.0,0.0,0.0,0.0,1834.48913574,1.0,0.0,0.0,0.0,0.0,0.0,0.0,0.0,0.0,0.0,0.0,0.0
Newcastle,Tottenham,A,1,2,M Atkinson,3.9,3.5,2.04,18/19,1668.04284668,1.0,0.0,0.0,0.0,1912.11816406,1.0,0.0,0.0,0.0,0.0,0.0,0.0,0.0,0.0,0.0,0.0,0.0
Watford,Brighton,H,2,0,J Moss,2.37,3.2,3.4,18/19,1623.49584961,1.0,0.0,0.0,0.0,1630.09216309,1.0,0.0,0.0,0.0,0.0,0.0,0.0,0.0,0.0,0.0,0.0,0.0
Wolves,Everton,D,2,2,C Pawson,2.37,3.3,3.3,18/19,1590.3223877,1.0,0.0,0.0,0.0,1696.83447266,1.0,0.0,0.0,0.0,0.0,0.0,0.0,0.0,0.0,0.0,0.0,0.0
Arsenal,Man City,A,0,2,M Oliver,4.0,3.8,1.95,18/19,1819.93261719,1.0,0.0,0.0,0.0,1972.18200684,1.0,0.0,0.0,0.0,0.0,0.0,0.0,0.0,0.0,0.0,0.0,0.0
Liverpool,West Ham,H,4,0,A Taylor,1.25,6.5,14.0,18/19,1915.22900391,1.0,0.0,0.0,0.0,1670.87817383,1.0,0.0,0.0,0.0,0.0,0.0,0.0,0.0,0.0,0.0,0.0,0.0
Southampton,Burnley,D,0,0,G Scott,1.85,3.5,5.0,18/19,1650.65405273,1.0,0.0,0.0,0.0,1690.08410645,1.0,0.0,0.0,0.0,0.0,0.0,0.0,0.0,0.0,0.0,0.0,0.0
Cardiff,Newcastle,D,0,0,C Pawson,3.25,3.1,2.54,18/19,1570.60559082,17.0,0.0,-2.0,1.0,1666.89868164,14.0,0.0,-1.0,1.0,0.0,0.0,0.0,0.0,0.0,0.0,0.0,0.0
Chelsea,Arsenal,H,3,2,M Atkinson,1.8,4.0,4.5,18/19,1843.27819824,2.0,3.0,3.0,1.0,1814.7935791,15.0,0.0,-2.0,1.0,3.0,0.0,0.0,0.0,0.0,0.0,3.0,0.0
Everton,Southampton,H,2,1,L Mason,1.9,3.5,4.75,18/19,1698.46520996,9.0,1.0,0.0,1.0,1652.65307617,12.0,1.0,0.0,1.0,1.0,0.0,0.0,1.0,0.0,0.0,1.0,1.0
Leicester,Wolves,H,2,0,M Dean,2.04,3.5,3.9,18/19,1694.64440918,13.0,0.0,-1.0,1.0,1594.20068359,10.0,1.0,0.0,1.0,0.0,0.0,0.0,1.0,0.0,0.0,0.0,1.0
Tottenham,Fulham,H,3,1,A Taylor,1.28,6.0,12.0,18/19,1918.77148438,8.0,3.0,1.0,1.0,1622.15246582,18.0,0.0,-2.0,1.0,3.0,0.0,0.0,0.0,0.0,0.0,3.0,0.0
West Ham,Bournemouth,A,1,2,S Attwell,2.1,3.6,3.7,18/19,1669.89550781,20.0,0.0,-4.0,1.0,1679.41455078,3.0,3.0,2.0,1.0,0.0,0.0,0.0,3.0,0.0,0.0,0.0,3.0
Brighton,Man United,H,3,2,K Friend,5.5,3.6,1.75,18/19,1623.59265137,16.0,0.0,-2.0,1.0,1887.69799805,10.0,3.0,1.0,1.0,0.0,0.0,0.0,3.0,0.0,0.0,0.0,3.0
Burnley,Watford,A,1,3,P Tierney,2.45,3.1,3.4,18/19,1701.90026855,11.0,1.0,0.0,1.0,1635.50439453,8.0,3.0,2.0,1.0,1.0,0.0,0.0,3.0,0.0,0.0,1.0,3.0
Man City,Huddersfield,H,6,1,A Marriner,1.1,13.0,26.0,18/19,1982.83007812,7.0,3.0,2.0,1.0,1561.01184082,18.0,0.0,-3.0,1.0,3.0,0.0,0.0,0.0,0.0,0.0,3.0,0.0
Crystal Palace,Liverpool,A,0,2,M Oliver,7.0,5.0,1.44,18/19,1704.67297363,8.0,3.0,2.0,1.0,1921.72070312,7.0,3.0,4.0,1.0,3.0,0.0,0.0,3.0,0.0,0.0,3.0,3.0
Arsenal,West Ham,H,3,1,G Scott,1.36,5.5,9.0,18/19,1805.36877441,17.0,0.0,-3.0,2.0,1656.94189453,19.0,0.0,-5.0,2.0,0.0,0.0,0.0,0.0,0.0,0.0,0.0,0.0
Bournemouth,Everton,D,2,2,L Probert,2.62,3.6,2.75,18/19,1684.82995605,6.0,6.0,3.0,2.0,1700.09057617,7.0,4.0,1.0,2.0,3.0,0.0,0.0,3.0,0.0,0.0,3.0,2.0
Huddersfield,Cardiff,D,0,0,M Oliver,2.37,3.0,3.7,18/19,1555.66650391,20.0,0.0,-8.0,2.0,1567.71520996,16.0,1.0,-2.0,2.0,0.0,0.0,0.0,1.0,0.0,0.0,0.0,0.5
Liverpool,Brighton,H,1,0,C Kavanagh,1.16,8.5,19.0,18/19,1923.99584961,2.0,6.0,6.0,2.0,1633.00866699,11.0,3.0,-1.0,2.0,3.0,0.0,0.0,3.0,0.0,0.0,3.0,1.5
Southampton,Leicester,A,1,2,J Moss,2.45,3.2,3.25,18/19,1643.48950195,13.0,1.0,-1.0,2.0,1696.65893555,8.0,3.0,1.0,2.0,0.0,0.0,0.0,3.0,0.0,0.0,0.5,1.5
Wolves,Man City,D,1,1,M Atkinson,11.0,6.5,1.28,18/19,1584.64794922,14.0,1.0,-2.0,2.0,1980.6373291,1.0,6.0,7.0,2.0,0.0,0.0,0.0,3.0,0.0,0.0,0.5,3.0
Fulham,Burnley,H,4,2,D Coote,2.0,3.4,4.33,18/19,1616.34362793,19.0,0.0,-4.0,2.0,1670.2857666,17.0,1.0,-2.0,2.0,0.0,0.0,0.0,0.0,0.0,0.0,0.0,0.5
Newcastle,Chelsea,A,1,2,P Tierney,5.75,4.0,1.66,18/19,1662.25097656,15.0,1.0,-1.0,2.0,1845.16479492,4.0,6.0,4.0,2.0,1.0,0.0,0.0,3.0,0.0,0.0,0.5,3.0
Watford,Crystal Palace,H,2,1,A Taylor,2.6,3.25,3.0,18/19,1648.22375488,5.0,6.0,4.0,2.0,1694.85961914,10.0,3.0,0.0,2.0,3.0,0.0,0.0,0.0,0.0,0.0,3.0,1.5
Man United,Tottenham,A,0,3,C Pawson,2.62,3.3,2.9,18/19,1870.74377441,9.0,3.0,0.0,2.0,1917.04211426,6.0,6.0,3.0,2.0,0.0,0.0,0.0,3.0,0.0,0.0,1.5,3.0
Brighton,Fulham,D,2,2,L Probert,2.3,3.4,3.4,18/19,1629.03125,12.0,3.0,-2.0,3.0,1625.09936523,11.0,3.0,-2.0,3.0,0.0,3.0,0.0,3.0,3.0,0.0,1.0,1.0
Chelsea,Bournemouth,H,2,0,L Mason,1.3,6.0,11.0,18/19,1847.81762695,3.0,9.0,5.0,3.0,1680.95068359,6.0,7.0,3.0,3.0,3.0,9.0,0.0,1.0,7.0,0.0,3.0,2.3333333333333335
Crystal Palace,Southampton,A,0,2,M Atkinson,2.0,3.5,4.2,18/19,1684.78479004,10.0,3.0,-1.0,3.0,1632.64282227,17.0,1.0,-2.0,3.0,0.0,3.0,0.0,0.0,1.0,0.0,1.0,0.3333333333333333
Everton,Huddersfield,D,1,1,S Attwell,1.53,4.2,7.5,18/19,1699.04272461,8.0,5.0,1.0,3.0,1551.69665527,19.0,1.0,-8.0,3.0,1.0,5.0,0.0,1.0,1.0,0.0,1.6666666666666667,0.3333333333333333
Leicester,Liverpool,A,1,2,P Tierney,7.5,5.0,1.44,18/19,1702.57836914,7.0,6.0,2.0,3.0,1923.04626465,1.0,9.0,7.0,3.0,3.0,6.0,0.0,3.0,9.0,0.0,2.0,3.0
Man City,Newcastle,H,2,1,K Friend,1.11,11.0,26.0,18/19,1970.76098633,5.0,7.0,7.0,3.0,1654.67102051,16.0,1.0,-2.0,3.0,1.0,7.0,0.0,0.0,1.0,0.0,2.3333333333333335,0.3333333333333333
West Ham,Wolves,A,0,1,C Kavanagh,2.6,3.4,2.87,18/19,1650.01123047,20.0,0.0,-7.0,3.0,1589.5970459,14.0,2.0,-2.0,3.0,0.0,0.0,0.0,1.0,2.0,0.0,0.0,0.6666666666666666
Burnley,Man United,A,0,2,J Moss,6.0,3.75,1.7,18/19,1649.18505859,19.0,1.0,-4.0,3.0,1853.44396973,14.0,3.0,-3.0,3.0,0.0,1.0,0.0,0.0,3.0,0.0,0.3333333333333333,1.0
Cardiff,Arsenal,A,2,3,A Taylor,6.5,4.33,1.57,18/19,1566.7578125,16.0,2.0,-2.0,3.0,1807.37231445,13.0,3.0,-1.0,3.0,1.0,2.0,0.0,3.0,3.0,0.0,0.6666666666666666,1.0
Watford,Tottenham,H,2,1,A Marriner,5.5,4.2,1.64,18/19,1653.37145996,5.0,9.0,5.0,3.0,1929.41467285,4.0,9.0,6.0,3.0,3.0,9.0,0.0,3.0,9.0,0.0,3.0,3.0
Bournemouth,Leicester,H,4,2,C Pawson,2.45,3.5,3.0,18/19,1676.8359375,6.0,7.0,1.0,4.0,1698.4864502,8.0,6.0,1.0,4.0,0.0,4.0,0.0,0.0,6.0,0.0,1.75,1.5
Chelsea,Cardiff,H,4,1,J Moss,1.18,8.0,19.0,18/19,1851.93237305,2.0,12.0,7.0,4.0,1562.9395752,16.0,2.0,-3.0,4.0,3.0,9.0,0.0,0.0,2.0,0.0,3.0,0.5
Huddersfield,Crystal Palace,A,0,1,L Mason,3.3,3.1,2.5,18/19,1557.13659668,17.0,2.0,-8.0,4.0,1668.88354492,15.0,3.0,-3.0,4.0,1.0,2.0,0.0,0.0,0.0,0.0,0.5,0.75
Man City,Fulham,H,3,0,S Attwell,1.12,10.0,26.0,18/19,1972.0826416,4.0,10.0,8.0,4.0,1627.04455566,13.0,4.0,-2.0,4.0,3.0,7.0,0.0,1.0,4.0,0.0,2.5,1.0
Newcastle,Arsenal,A,1,2,L Probert,4.2,3.8,1.9,18/19,1653.34936523,18.0,1.0,-3.0,4.0,1811.19042969,9.0,6.0,0.0,4.0,0.0,1.0,0.0,3.0,6.0,0.0,0.25,1.5
Tottenham,Liverpool,A,1,2,M Oliver,3.0,3.6,2.4,18/19,1916.29187012,5.0,9.0,5.0,4.0,1927.13830566,1.0,12.0,8.0,4.0,0.0,6.0,0.0,3.0,9.0,0.0,2.25,3.0
Watford,Man United,A,1,2,M Dean,4.33,3.6,1.95,18/19,1666.4942627,3.0,12.0,6.0,4.0,1860.18920898,10.0,6.0,-1.0,4.0,3.0,9.0,0.0,3.0,3.0,0.0,3.0,1.5
Everton,West Ham,A,1,3,M Atkinson,2.0,3.75,3.9,18/19,1693.6027832000002,9.0,6.0,1.0,4.0,1638.73608398,20.0,0.0,-8.0,4.0,1.0,5.0,0.0,0.0,0.0,0.0,1.5,0.0
Wolves,Burnley,H,1,0,A Marriner,1.75,3.6,5.75,18/19,1600.87219238,12.0,5.0,-1.0,4.0,1642.43981934,19.0,1.0,-6.0,4.0,3.0,4.0,0.0,0.0,0.0,0.0,1.25,0.25
Southampton,Brighton,D,2,2,A Taylor,2.1,3.4,3.9,18/19,1648.54406738,13.0,4.0,0.0,4.0,1627.08605957,14.0,4.0,-2.0,4.0,3.0,3.0,0.0,1.0,4.0,0.0,1.0,1.0
Brighton,Tottenham,A,1,2,C Kavanagh,5.0,4.0,1.75,18/19,1628.03613281,14.0,5.0,-2.0,5.0,1895.5838623,6.0,9.0,4.0,5.0,1.0,2.0,5.0,0.0,3.0,9.0,1.0,1.8
Burnley,Bournemouth,H,4,0,A Taylor,3.0,3.4,2.5,18/19,1633.32714844,20.0,1.0,-7.0,5.0,1684.93273926,5.0,10.0,3.0,5.0,0.0,0.0,1.0,3.0,4.0,10.0,0.2,2.0
Cardiff,Man City,A,0,5,M Oliver,23.0,8.0,1.16,18/19,1558.77648926,17.0,2.0,-6.0,5.0,1957.2713623,3.0,13.0,11.0,5.0,0.0,1.0,2.0,3.0,7.0,13.0,0.4,2.6
Crystal Palace,Newcastle,D,0,0,A Marriner,2.14,3.4,3.75,18/19,1674.37329102,12.0,6.0,-2.0,5.0,1646.36547852,19.0,1.0,-4.0,5.0,3.0,3.0,6.0,0.0,0.0,1.0,1.2,0.2
Fulham,Watford,D,1,1,M Atkinson,2.54,3.5,2.9,18/19,1623.76843262,15.0,4.0,-5.0,5.0,1660.16992188,4.0,12.0,5.0,5.0,0.0,4.0,4.0,0.0,6.0,12.0,0.8,2.4
Leicester,Huddersfield,H,3,1,D Coote,1.61,4.0,6.5,18/19,1687.53344727,11.0,6.0,-1.0,5.0,1548.79077148,18.0,2.0,-9.0,5.0,0.0,3.0,6.0,0.0,2.0,2.0,1.2,0.4
Liverpool,Southampton,H,3,0,P Tierney,1.2,7.5,17.0,18/19,1939.49255371,2.0,15.0,9.0,5.0,1644.73779297,13.0,5.0,0.0,5.0,3.0,9.0,15.0,1.0,4.0,5.0,3.0,1.0
Man United,Wolves,D,1,1,K Friend,1.57,4.33,6.5,18/19,1873.05200195,8.0,9.0,0.0,5.0,1607.12878418,9.0,8.0,0.0,5.0,3.0,6.0,9.0,3.0,7.0,8.0,1.8,1.6
Arsenal,Everton,H,2,0,J Moss,1.44,5.0,7.5,18/19,1816.79187012,9.0,9.0,1.0,5.0,1676.47705078,12.0,6.0,-1.0,5.0,3.0,9.0,9.0,0.0,2.0,6.0,1.8,1.2
West Ham,Chelsea,D,0,0,M Dean,6.0,4.5,1.57,18/19,1653.0057373,17.0,3.0,-6.0,5.0,1858.85839844,3.0,15.0,10.0,5.0,3.0,3.0,3.0,3.0,9.0,15.0,0.6,3.0
Arsenal,Watford,H,2,0,A Taylor,1.44,5.1,7.0,18/19,1821.44042969,6.0,12.0,3.0,6.0,1661.03405762,4.0,13.0,5.0,6.0,3.0,9.0,12.0,1.0,4.0,10.0,2.0,2.1666666666666665
Chelsea,Liverpool,D,1,1,A Marriner,2.8,3.6,2.54,18/19,1855.03735352,3.0,16.0,10.0,6.0,1942.03991699,1.0,18.0,12.0,6.0,1.0,7.0,13.0,3.0,9.0,15.0,2.6666666666666665,3.0
Everton,Fulham,H,3,0,R East,1.75,4.2,4.75,18/19,1671.82849121,12.0,6.0,-3.0,6.0,1622.90441895,15.0,5.0,-5.0,6.0,0.0,1.0,5.0,1.0,2.0,5.0,1.0,0.8333333333333334
Huddersfield,Tottenham,A,0,2,C Pawson,8.5,4.5,1.44,18/19,1543.91479492,20.0,2.0,-11.0,6.0,1899.04748535,5.0,12.0,5.0,6.0,0.0,1.0,2.0,3.0,3.0,9.0,0.3333333333333333,2.0
Man City,Brighton,H,2,0,L Mason,1.1,12.0,34.0,18/19,1961.04992676,2.0,16.0,16.0,6.0,1624.57250977,13.0,5.0,-3.0,6.0,3.0,9.0,13.0,0.0,2.0,5.0,2.6666666666666665,0.8333333333333334
Newcastle,Leicester,A,0,2,S Hooper,2.6,3.3,3.0,18/19,1649.02050781,18.0,2.0,-4.0,6.0,1692.4095459000002,9.0,9.0,1.0,6.0,1.0,1.0,2.0,3.0,3.0,9.0,0.3333333333333333,1.5
West Ham,Man United,H,3,1,M Oliver,4.5,3.8,1.85,18/19,1656.82678223,17.0,4.0,-6.0,6.0,1865.62353516,7.0,10.0,0.0,6.0,1.0,4.0,4.0,1.0,7.0,7.0,0.6666666666666666,1.6666666666666667
Wolves,Southampton,H,2,0,S Attwell,1.8,3.6,5.25,18/19,1614.55725098,10.0,9.0,0.0,6.0,1642.19055176,14.0,5.0,-3.0,6.0,1.0,7.0,8.0,0.0,4.0,4.0,1.5,0.8333333333333334
Cardiff,Burnley,A,1,2,M Atkinson,2.62,3.0,3.2,18/19,1554.99804688,19.0,2.0,-11.0,6.0,1648.82385254,17.0,4.0,-3.0,6.0,0.0,0.0,2.0,3.0,3.0,3.0,0.3333333333333333,0.6666666666666666
Bournemouth,Crystal Palace,H,2,1,M Dean,2.25,3.5,3.4,18/19,1669.43603516,9.0,10.0,-1.0,6.0,1671.71826172,13.0,7.0,-2.0,6.0,0.0,3.0,7.0,1.0,4.0,4.0,1.6666666666666667,1.1666666666666667
Brighton,West Ham,H,1,0,K Friend,2.7,3.3,2.87,18/19,1618.51159668,15.0,5.0,-5.0,7.0,1669.04968262,14.0,7.0,-4.0,7.0,0.0,1.0,2.0,3.0,7.0,7.0,0.7142857142857143,1.0
Burnley,Huddersfield,D,1,1,C Kavanagh,2.14,3.1,4.2,18/19,1651.94189453,13.0,7.0,-2.0,7.0,1536.36816406,20.0,2.0,-13.0,7.0,3.0,6.0,6.0,0.0,0.0,2.0,1.0,0.2857142857142857
Crystal Palace,Wolves,A,0,1,M Oliver,3.0,3.2,2.62,18/19,1660.99475098,14.0,7.0,-3.0,7.0,1620.11035156,9.0,12.0,2.0,7.0,0.0,4.0,4.0,3.0,7.0,11.0,1.0,1.7142857142857142
Leicester,Everton,A,1,2,A Marriner,2.2,3.4,3.6,18/19,1700.09533691,8.0,12.0,3.0,7.0,1676.35498047,11.0,9.0,0.0,7.0,3.0,6.0,9.0,3.0,3.0,5.0,1.7142857142857142,1.2857142857142858
Man United,Newcastle,H,3,2,A Taylor,1.44,4.5,9.0,18/19,1840.10449219,10.0,10.0,-2.0,7.0,1632.47045898,18.0,2.0,-6.0,7.0,0.0,4.0,7.0,0.0,1.0,1.0,1.4285714285714286,0.2857142857142857
Tottenham,Cardiff,H,1,0,M Dean,1.22,7.0,15.0,18/19,1886.67089844,4.0,15.0,7.0,7.0,1543.01574707,19.0,2.0,-12.0,7.0,3.0,6.0,9.0,0.0,0.0,1.0,2.142857142857143,0.2857142857142857
Watford,Bournemouth,A,0,4,J Moss,2.14,3.6,3.5,18/19,1652.42358398,6.0,13.0,3.0,7.0,1671.29528809,7.0,13.0,0.0,7.0,0.0,1.0,7.0,3.0,6.0,7.0,1.8571428571428572,1.8571428571428572
Fulham,Arsenal,A,1,5,P Tierney,5.25,4.33,1.66,18/19,1609.51367188,17.0,5.0,-8.0,7.0,1826.27746582,6.0,15.0,5.0,7.0,0.0,1.0,5.0,3.0,9.0,15.0,0.7142857142857143,2.142857142857143
Liverpool,Man City,D,0,0,M Atkinson,2.54,3.6,2.8,18/19,1929.20983887,2.0,19.0,12.0,7.0,1962.45788574,1.0,19.0,18.0,7.0,1.0,7.0,13.0,3.0,9.0,13.0,2.7142857142857144,2.7142857142857144
Southampton,Chelsea,A,0,3,C Pawson,6.0,4.1,1.61,18/19,1627.77319336,16.0,5.0,-5.0,7.0,1851.73461914,4.0,17.0,10.0,7.0,0.0,1.0,4.0,1.0,5.0,11.0,0.7142857142857143,2.4285714285714284
Bournemouth,Southampton,D,0,0,L Probert,2.04,3.7,3.75,18/19,1689.53222656,6.0,16.0,4.0,8.0,1620.47814941,16.0,5.0,-8.0,8.0,3.0,6.0,9.0,0.0,0.0,4.0,2.0,0.625
Cardiff,Fulham,H,4,2,K Friend,2.5,3.5,2.95,18/19,1541.9050293,20.0,2.0,-13.0,8.0,1601.3404541,17.0,5.0,-12.0,8.0,0.0,0.0,0.0,0.0,1.0,2.0,0.25,0.625
Chelsea,Man United,D,2,2,M Dean,1.75,3.8,5.25,18/19,1859.02954102,2.0,20.0,13.0,8.0,1842.59985352,8.0,13.0,-1.0,8.0,3.0,5.0,11.0,3.0,4.0,10.0,2.5,1.625
Huddersfield,Liverpool,A,0,1,M Oliver,11.0,5.5,1.33,18/19,1541.17163086,18.0,3.0,-13.0,8.0,1928.38366699,3.0,20.0,12.0,8.0,1.0,1.0,2.0,1.0,5.0,11.0,0.375,2.5
Man City,Burnley,H,5,0,J Moss,1.08,13.0,34.0,18/19,1963.28417969,1.0,20.0,18.0,8.0,1647.13830566,12.0,8.0,-2.0,8.0,1.0,7.0,13.0,1.0,7.0,7.0,2.5,1.0
Newcastle,Brighton,A,0,1,A Marriner,2.2,3.25,3.8,18/19,1629.97509766,19.0,2.0,-7.0,8.0,1626.20068359,13.0,8.0,-4.0,8.0,0.0,1.0,1.0,3.0,3.0,5.0,0.25,1.0
West Ham,Tottenham,A,0,1,M Atkinson,4.1,3.9,1.9,18/19,1661.36047363,15.0,7.0,-5.0,8.0,1887.78173828,5.0,18.0,8.0,8.0,0.0,4.0,7.0,3.0,9.0,9.0,0.875,2.25
Wolves,Watford,A,0,2,L Mason,1.75,3.75,5.25,18/19,1631.15161133,7.0,15.0,3.0,8.0,1634.18664551,9.0,13.0,-1.0,8.0,3.0,7.0,13.0,0.0,1.0,4.0,1.875,1.625
Everton,Crystal Palace,H,2,0,A Taylor,1.85,3.6,4.75,18/19,1686.63330078,11.0,12.0,1.0,8.0,1649.95349121,14.0,7.0,-4.0,8.0,3.0,6.0,7.0,0.0,1.0,4.0,1.5,0.875
Arsenal,Leicester,H,3,1,C Kavanagh,1.53,4.5,6.5,18/19,1834.45080566,5.0,18.0,9.0,8.0,1689.8170165999998,11.0,12.0,2.0,8.0,3.0,9.0,15.0,0.0,6.0,6.0,2.25,1.5
Brighton,Wolves,H,1,0,A Taylor,3.2,3.2,2.5,18/19,1638.56396484,12.0,11.0,-3.0,9.0,1620.55249023,9.0,15.0,1.0,9.0,3.0,6.0,7.0,0.0,6.0,10.0,1.2222222222222223,1.6666666666666667
Fulham,Bournemouth,A,0,3,A Marriner,2.9,3.75,2.4,18/19,1592.68505859,18.0,5.0,-14.0,9.0,1688.72631836,6.0,17.0,4.0,9.0,0.0,0.0,1.0,1.0,7.0,10.0,0.5555555555555556,1.8888888888888888
Leicester,West Ham,D,1,1,M Oliver,2.1,3.5,3.8,18/19,1687.87304688,11.0,12.0,0.0,9.0,1660.12243652,14.0,7.0,-6.0,9.0,0.0,3.0,6.0,0.0,3.0,7.0,1.3333333333333333,0.7777777777777778
Liverpool,Cardiff,H,4,1,S Attwell,1.11,11.0,26.0,18/19,1934.00976562,2.0,23.0,13.0,9.0,1556.0279541,17.0,5.0,-11.0,9.0,3.0,5.0,11.0,3.0,3.0,3.0,2.5555555555555554,0.5555555555555556
Southampton,Newcastle,D,0,0,C Kavanagh,2.1,3.4,3.9,18/19,1626.75158691,16.0,6.0,-8.0,9.0,1623.0793457,20.0,2.0,-8.0,9.0,1.0,1.0,2.0,0.0,0.0,1.0,0.6666666666666666,0.2222222222222222
Watford,Huddersfield,H,3,0,M Dean,1.75,3.75,5.25,18/19,1650.25341797,7.0,16.0,1.0,9.0,1542.15039062,19.0,3.0,-14.0,9.0,3.0,3.0,4.0,0.0,1.0,1.0,1.7777777777777777,0.3333333333333333
Burnley,Chelsea,A,0,4,C Pawson,11.0,5.0,1.36,18/19,1646.77270508,14.0,8.0,-7.0,9.0,1860.7434082,3.0,21.0,13.0,9.0,0.0,4.0,7.0,1.0,5.0,9.0,0.8888888888888888,2.3333333333333335
Crystal Palace,Arsenal,D,2,2,M Atkinson,4.75,4.1,1.75,18/19,1644.58251953,15.0,7.0,-6.0,9.0,1848.79943848,4.0,21.0,11.0,9.0,0.0,0.0,4.0,3.0,9.0,15.0,0.7777777777777778,2.3333333333333335
Man United,Everton,H,2,1,J Moss,1.72,3.9,5.25,18/19,1840.23901367,10.0,14.0,-1.0,9.0,1697.47180176,8.0,15.0,3.0,9.0,1.0,4.0,8.0,3.0,9.0,9.0,1.5555555555555556,1.6666666666666667
Tottenham,Man City,A,0,1,K Friend,4.75,4.1,1.75,18/19,1891.8885498,5.0,21.0,9.0,9.0,1978.15222168,3.0,23.0,23.0,9.0,3.0,9.0,12.0,3.0,7.0,13.0,2.3333333333333335,2.5555555555555554
Arsenal,Liverpool,D,1,1,A Marriner,3.9,3.9,1.95,18/19,1844.89611816,4.0,22.0,11.0,10.0,1935.61523438,2.0,26.0,16.0,10.0,1.0,7.0,13.0,3.0,7.0,11.0,2.2,2.6
Bournemouth,Man United,A,1,2,P Tierney,3.6,3.7,2.1,18/19,1700.67651367,6.0,20.0,7.0,10.0,1843.73352051,8.0,17.0,0.0,10.0,3.0,7.0,10.0,3.0,7.0,8.0,2.0,1.7
Cardiff,Leicester,A,0,1,L Probert,3.8,3.4,2.14,18/19,1554.42248535,17.0,5.0,-14.0,10.0,1685.37902832,12.0,13.0,0.0,10.0,0.0,3.0,3.0,1.0,1.0,7.0,0.5,1.3
Everton,Brighton,H,3,1,D Coote,1.61,4.0,6.5,18/19,1693.97729492,9.0,15.0,2.0,10.0,1644.74609375,11.0,14.0,-2.0,10.0,0.0,6.0,9.0,3.0,9.0,9.0,1.5,1.4
Newcastle,Watford,H,1,0,C Pawson,2.75,3.25,2.8,18/19,1624.91308594,19.0,3.0,-8.0,10.0,1657.46081543,7.0,19.0,4.0,10.0,1.0,1.0,2.0,3.0,6.0,7.0,0.3,1.9
West Ham,Burnley,H,4,2,R East,1.75,3.75,5.25,18/19,1662.61633301,13.0,8.0,-6.0,10.0,1637.9407959,15.0,8.0,-11.0,10.0,1.0,1.0,5.0,0.0,1.0,7.0,0.8,0.8
Wolves,Tottenham,A,2,3,M Dean,3.1,3.4,2.45,18/19,1614.37036133,10.0,15.0,0.0,10.0,1884.69006348,5.0,21.0,8.0,10.0,0.0,3.0,7.0,0.0,6.0,12.0,1.5,2.1
Chelsea,Crystal Palace,H,3,1,M Oliver,1.25,6.75,13.0,18/19,1869.57543945,3.0,24.0,17.0,10.0,1648.48583984,14.0,8.0,-6.0,10.0,3.0,7.0,9.0,1.0,1.0,2.0,2.4,0.8
Man City,Southampton,H,6,1,L Mason,1.11,11.0,29.0,18/19,1985.35070801,2.0,26.0,24.0,10.0,1624.91796875,16.0,7.0,-8.0,10.0,3.0,7.0,13.0,1.0,2.0,2.0,2.6,0.7
Huddersfield,Fulham,H,1,0,A Taylor,2.3,3.5,3.3,18/19,1534.94287109,20.0,3.0,-17.0,10.0,1580.73486328,19.0,5.0,-17.0,10.0,0.0,1.0,1.0,0.0,0.0,1.0,0.3,0.5
Cardiff,Brighton,H,2,1,M Atkinson,2.6,3.1,3.1,18/19,1546.69128418,19.0,5.0,-15.0,11.0,1635.51708984,12.0,14.0,-4.0,11.0,0.0,3.0,3.0,0.0,6.0,9.0,0.45454545454545453,1.2727272727272727
Crystal Palace,Tottenham,A,0,1,J Moss,4.5,3.75,1.85,18/19,1643.74206543,14.0,8.0,-8.0,11.0,1888.77282715,4.0,24.0,9.0,11.0,0.0,1.0,1.0,3.0,6.0,12.0,0.7272727272727273,2.1818181818181817
Huddersfield,West Ham,D,1,1,C Kavanagh,3.4,3.25,2.35,18/19,1541.00183105,18.0,6.0,-16.0,11.0,1669.51965332,13.0,11.0,-4.0,11.0,3.0,3.0,4.0,3.0,4.0,7.0,0.5454545454545454,1.0
Leicester,Burnley,D,0,0,M Dean,1.5,4.33,8.0,18/19,1689.98168945,10.0,16.0,1.0,11.0,1627.90893555,15.0,8.0,-13.0,11.0,3.0,4.0,7.0,0.0,0.0,4.0,1.4545454545454546,0.7272727272727273
Newcastle,Bournemouth,H,2,1,L Probert,2.9,3.4,2.6,18/19,1630.71289062,17.0,6.0,-7.0,11.0,1693.24194336,6.0,20.0,6.0,11.0,3.0,4.0,4.0,0.0,4.0,10.0,0.5454545454545454,1.8181818181818181
Southampton,Watford,D,1,1,S Hooper,2.5,3.3,3.1,18/19,1621.06201172,16.0,7.0,-13.0,11.0,1648.5324707,8.0,19.0,3.0,11.0,0.0,2.0,2.0,0.0,6.0,6.0,0.6363636363636364,1.7272727272727273
Arsenal,Wolves,D,1,1,S Attwell,1.66,4.2,5.25,18/19,1838.17785645,5.0,23.0,11.0,11.0,1609.46386719,11.0,15.0,-1.0,11.0,1.0,5.0,11.0,0.0,0.0,6.0,2.090909090909091,1.3636363636363635
Chelsea,Everton,D,0,0,K Friend,1.4,5.25,8.5,18/19,1873.54638672,2.0,27.0,19.0,11.0,1700.07775879,9.0,18.0,4.0,11.0,3.0,7.0,11.0,3.0,6.0,12.0,2.4545454545454546,1.6363636363636365
Liverpool,Fulham,H,2,0,P Tierney,1.11,11.0,26.0,18/19,1911.18969727,3.0,27.0,16.0,11.0,1571.54736328,20.0,5.0,-18.0,11.0,1.0,7.0,9.0,0.0,0.0,0.0,2.4545454545454546,0.45454545454545453
Man City,Man United,H,3,1,A Taylor,1.4,5.25,8.5,18/19,1990.55004883,1.0,29.0,29.0,11.0,1862.16955566,8.0,20.0,1.0,11.0,3.0,9.0,13.0,3.0,7.0,10.0,2.6363636363636362,1.8181818181818181
Brighton,Leicester,D,1,1,C Kavanagh,2.9,3.4,2.6,18/19,1626.61694336,12.0,14.0,-5.0,12.0,1686.48400879,10.0,17.0,1.0,12.0,0.0,3.0,9.0,1.0,5.0,5.0,1.1666666666666667,1.4166666666666667
Everton,Cardiff,H,1,0,P Tierney,1.4,5.0,9.0,18/19,1706.02880859,9.0,19.0,4.0,12.0,1555.59130859,18.0,8.0,-14.0,12.0,1.0,4.0,10.0,3.0,3.0,6.0,1.5833333333333333,0.6666666666666666
Fulham,Southampton,H,3,2,M Oliver,2.62,3.5,2.8,18/19,1569.98986816,20.0,5.0,-20.0,12.0,1619.99157715,17.0,8.0,-13.0,12.0,0.0,0.0,0.0,1.0,2.0,3.0,0.4166666666666667,0.6666666666666666
Man United,Crystal Palace,D,0,0,L Mason,1.4,5.25,8.0,18/19,1857.03930664,8.0,20.0,-1.0,12.0,1639.93603516,16.0,8.0,-9.0,12.0,0.0,6.0,10.0,0.0,1.0,1.0,1.6666666666666667,0.6666666666666666
Tottenham,Chelsea,H,3,1,M Atkinson,2.8,3.5,2.6,18/19,1892.57885742,4.0,27.0,10.0,12.0,1867.59533691,3.0,28.0,19.0,12.0,3.0,6.0,12.0,1.0,7.0,11.0,2.25,2.3333333333333335
Watford,Liverpool,A,0,3,J Moss,6.5,4.33,1.55,18/19,1649.60290527,7.0,20.0,3.0,12.0,1912.74719238,2.0,30.0,18.0,12.0,1.0,4.0,7.0,3.0,7.0,11.0,1.6666666666666667,2.5
West Ham,Man City,A,0,4,A Marriner,13.0,6.5,1.25,18/19,1667.70617676,13.0,12.0,-4.0,12.0,1995.68029785,1.0,32.0,31.0,12.0,1.0,5.0,5.0,3.0,9.0,13.0,1.0,2.6666666666666665
Bournemouth,Arsenal,A,1,2,C Pawson,3.5,3.75,1.95,18/19,1685.20544434,8.0,20.0,5.0,12.0,1831.29577637,5.0,24.0,11.0,12.0,0.0,3.0,7.0,1.0,3.0,9.0,1.6666666666666667,2.0
Wolves,Huddersfield,A,0,2,K Friend,1.5,4.33,8.0,18/19,1616.3458252,11.0,16.0,-1.0,12.0,1542.81530762,20.0,7.0,-16.0,12.0,1.0,1.0,4.0,1.0,4.0,5.0,1.3333333333333333,0.5833333333333334
Burnley,Newcastle,A,1,2,A Taylor,2.9,3.2,2.75,18/19,1631.40661621,17.0,9.0,-13.0,12.0,1638.74938965,15.0,9.0,-6.0,12.0,1.0,1.0,2.0,3.0,7.0,7.0,0.75,0.75
Cardiff,Wolves,H,2,1,A Marriner,3.8,3.25,2.2,18/19,1553.33837891,19.0,8.0,-15.0,13.0,1600.86865234,11.0,16.0,-3.0,13.0,0.0,3.0,6.0,0.0,1.0,1.0,0.6153846153846154,1.2307692307692308
Crystal Palace,Burnley,H,2,0,L Probert,1.61,3.9,6.5,18/19,1647.66162109,17.0,9.0,-9.0,13.0,1622.88232422,18.0,9.0,-14.0,13.0,1.0,1.0,2.0,0.0,1.0,1.0,0.6923076923076923,0.6923076923076923
Huddersfield,Brighton,A,1,2,M Oliver,2.5,3.0,3.4,18/19,1560.36608887,16.0,10.0,-14.0,13.0,1627.53845215,12.0,15.0,-5.0,13.0,3.0,7.0,7.0,1.0,1.0,7.0,0.7692307692307693,1.1538461538461537
Leicester,Watford,H,2,0,G Scott,2.25,3.3,3.6,18/19,1687.63598633,10.0,18.0,1.0,13.0,1644.68505859,9.0,20.0,0.0,13.0,1.0,5.0,6.0,0.0,1.0,7.0,1.3846153846153846,1.5384615384615385
Man City,Bournemouth,H,3,1,S Attwell,1.11,11.0,26.0,18/19,1996.96008301,1.0,35.0,35.0,13.0,1680.64428711,8.0,20.0,4.0,13.0,3.0,9.0,15.0,0.0,0.0,4.0,2.6923076923076925,1.5384615384615385
Newcastle,West Ham,A,0,3,P Tierney,2.5,3.3,3.1,18/19,1649.34716797,13.0,12.0,-5.0,13.0,1663.96057129,14.0,12.0,-8.0,13.0,3.0,9.0,10.0,0.0,4.0,5.0,0.9230769230769231,0.9230769230769231
Southampton,Man United,D,2,2,K Friend,4.33,3.6,1.95,18/19,1613.30969238,19.0,8.0,-14.0,13.0,1853.64624023,7.0,21.0,-1.0,13.0,0.0,1.0,3.0,1.0,4.0,8.0,0.6153846153846154,1.6153846153846154
Arsenal,Tottenham,H,4,2,M Dean,2.62,3.6,2.75,18/19,1842.25305176,5.0,27.0,12.0,13.0,1905.36047363,3.0,30.0,12.0,13.0,3.0,5.0,9.0,3.0,9.0,12.0,2.076923076923077,2.3076923076923075
Chelsea,Fulham,H,2,0,C Pawson,1.18,8.0,17.0,18/19,1864.22009277,4.0,28.0,17.0,13.0,1578.74523926,20.0,8.0,-19.0,13.0,0.0,4.0,8.0,3.0,3.0,3.0,2.1538461538461537,0.6153846153846154
Liverpool,Everton,H,1,0,C Kavanagh,1.4,5.0,9.0,18/19,1913.62963867,2.0,33.0,21.0,13.0,1710.35522461,6.0,22.0,5.0,13.0,3.0,7.0,13.0,3.0,7.0,10.0,2.5384615384615383,1.6923076923076923
Bournemouth,Huddersfield,H,2,1,R East,1.66,3.8,6.0,18/19,1678.80871582,9.0,20.0,2.0,14.0,1552.36437988,17.0,10.0,-15.0,14.0,0.0,0.0,3.0,0.0,4.0,7.0,1.4285714285714286,0.7142857142857143
Brighton,Crystal Palace,H,3,1,K Friend,3.0,3.1,2.7,18/19,1635.54003906,11.0,18.0,-4.0,14.0,1656.25671387,14.0,12.0,-7.0,14.0,3.0,4.0,7.0,3.0,4.0,5.0,1.2857142857142858,0.8571428571428571
Watford,Man City,A,1,2,P Tierney,11.0,6.0,1.3,18/19,1636.89819336,10.0,20.0,-2.0,14.0,1998.7956543,1.0,38.0,37.0,14.0,0.0,1.0,4.0,3.0,9.0,15.0,1.4285714285714286,2.7142857142857144
West Ham,Cardiff,H,3,1,G Scott,1.66,4.0,5.75,18/19,1679.87854004,13.0,15.0,-5.0,14.0,1561.26757812,16.0,11.0,-14.0,14.0,3.0,4.0,8.0,3.0,6.0,6.0,1.0714285714285714,0.7857142857142857
Burnley,Liverpool,A,1,3,S Attwell,14.0,5.75,1.28,18/19,1614.28723145,19.0,9.0,-16.0,14.0,1916.12561035,2.0,36.0,22.0,14.0,0.0,1.0,1.0,3.0,9.0,13.0,0.6428571428571429,2.5714285714285716
Everton,Newcastle,D,1,1,L Mason,1.6,4.0,6.5,18/19,1707.85925293,7.0,22.0,4.0,14.0,1633.42919922,14.0,12.0,-8.0,14.0,0.0,4.0,7.0,0.0,6.0,10.0,1.5714285714285714,0.8571428571428571
Fulham,Leicester,D,1,1,D Coote,3.0,3.5,2.45,18/19,1576.50891113,20.0,8.0,-21.0,14.0,1695.42285156,9.0,21.0,3.0,14.0,0.0,3.0,3.0,3.0,5.0,9.0,0.5714285714285714,1.5
Man United,Arsenal,D,2,2,A Marriner,2.45,3.5,3.0,18/19,1848.84216309,8.0,22.0,-1.0,14.0,1853.64929199,4.0,30.0,14.0,14.0,1.0,2.0,8.0,3.0,7.0,9.0,1.5714285714285714,2.142857142857143
Tottenham,Southampton,H,3,1,A Taylor,1.36,5.25,9.5,18/19,1893.96435547,5.0,30.0,10.0,14.0,1618.11376953,18.0,9.0,-14.0,14.0,0.0,6.0,9.0,1.0,2.0,3.0,2.142857142857143,0.6428571428571429
Wolves,Chelsea,H,2,1,J Moss,5.0,3.75,1.8,18/19,1592.93945312,13.0,16.0,-4.0,14.0,1866.45629883,3.0,31.0,19.0,14.0,0.0,1.0,1.0,3.0,4.0,10.0,1.1428571428571428,2.2142857142857144
Arsenal,Huddersfield,H,1,0,P Tierney,1.28,6.0,12.0,18/19,1855.24963379,5.0,31.0,14.0,15.0,1548.58776855,17.0,10.0,-16.0,15.0,1.0,7.0,9.0,0.0,3.0,7.0,2.066666666666667,0.6666666666666666
Bournemouth,Liverpool,A,0,4,L Mason,5.75,4.5,1.6,18/19,1682.58520508,7.0,23.0,3.0,15.0,1920.1307373,2.0,39.0,24.0,15.0,3.0,3.0,3.0,3.0,9.0,13.0,1.5333333333333334,2.6
Burnley,Brighton,H,1,0,M Atkinson,2.9,3.2,2.75,18/19,1610.28210449,19.0,9.0,-18.0,15.0,1645.57641602,10.0,21.0,-2.0,15.0,0.0,0.0,1.0,3.0,7.0,7.0,0.6,1.4
Cardiff,Southampton,H,1,0,J Moss,2.9,3.25,2.7,18/19,1555.77404785,16.0,11.0,-16.0,15.0,1615.70849609,18.0,9.0,-16.0,15.0,0.0,3.0,6.0,0.0,1.0,2.0,0.7333333333333333,0.6
Chelsea,Man City,H,2,0,M Oliver,4.0,3.8,1.95,18/19,1853.20373535,4.0,31.0,18.0,15.0,2000.73425293,1.0,41.0,38.0,15.0,0.0,3.0,7.0,3.0,9.0,15.0,2.066666666666667,2.7333333333333334
Leicester,Tottenham,A,0,2,C Pawson,3.8,3.75,2.0,18/19,1693.76818848,9.0,22.0,3.0,15.0,1896.36962891,3.0,33.0,12.0,15.0,1.0,5.0,9.0,3.0,6.0,12.0,1.4666666666666666,2.2
Man United,Fulham,H,4,1,L Probert,1.33,5.75,10.0,18/19,1847.24182129,8.0,23.0,-1.0,15.0,1578.16357422,20.0,9.0,-21.0,15.0,1.0,3.0,6.0,1.0,4.0,4.0,1.5333333333333334,0.6
West Ham,Crystal Palace,H,3,2,A Taylor,2.3,3.4,3.4,18/19,1685.37207031,13.0,18.0,-3.0,15.0,1646.22033691,15.0,12.0,-9.0,15.0,3.0,6.0,10.0,0.0,4.0,4.0,1.2,0.8
Newcastle,Wolves,A,1,2,M Dean,2.9,3.2,2.7,18/19,1637.13830566,15.0,13.0,-8.0,15.0,1606.19213867,13.0,19.0,-3.0,15.0,1.0,4.0,10.0,3.0,3.0,4.0,0.8666666666666667,1.2666666666666666
Everton,Watford,D,2,2,K Friend,1.8,3.75,5.0,18/19,1704.15014648,7.0,23.0,4.0,15.0,1634.95959473,13.0,20.0,-3.0,15.0,1.0,4.0,8.0,0.0,0.0,1.0,1.5333333333333334,1.3333333333333333
Crystal Palace,Leicester,H,1,0,M Oliver,2.62,3.2,3.0,18/19,1639.64404297,16.0,12.0,-10.0,16.0,1686.35827637,9.0,22.0,1.0,16.0,0.0,3.0,4.0,0.0,4.0,6.0,0.75,1.375
Fulham,West Ham,A,0,2,M Dean,2.9,3.6,2.5,18/19,1574.10778809,20.0,9.0,-24.0,16.0,1689.9107665999998,11.0,21.0,-2.0,16.0,0.0,1.0,4.0,3.0,9.0,10.0,0.5625,1.3125
Huddersfield,Newcastle,A,0,1,A Taylor,2.6,3.1,3.1,18/19,1546.14440918,18.0,10.0,-17.0,16.0,1625.4675293,15.0,13.0,-9.0,16.0,0.0,0.0,4.0,0.0,1.0,7.0,0.625,0.8125
Man City,Everton,H,3,1,C Pawson,1.22,7.5,13.0,18/19,1986.79394531,2.0,41.0,36.0,16.0,1699.59472656,7.0,24.0,4.0,16.0,0.0,6.0,12.0,1.0,2.0,6.0,2.5625,1.5
Tottenham,Burnley,H,1,0,G Scott,1.18,8.0,19.0,18/19,1907.22680664,3.0,36.0,14.0,16.0,1616.76208496,17.0,12.0,-17.0,16.0,3.0,6.0,12.0,3.0,3.0,4.0,2.25,0.75
Watford,Cardiff,H,3,2,A Madley,1.64,3.9,6.0,18/19,1637.47741699,12.0,21.0,-3.0,16.0,1562.89794922,14.0,14.0,-15.0,16.0,1.0,1.0,2.0,3.0,6.0,9.0,1.3125,0.875
Wolves,Bournemouth,H,2,0,S Hooper,1.95,3.6,4.33,18/19,1615.82519531,10.0,22.0,-2.0,16.0,1674.02832031,8.0,23.0,-1.0,16.0,3.0,6.0,7.0,0.0,3.0,3.0,1.375,1.4375
Brighton,Chelsea,A,1,2,S Attwell,7.5,4.5,1.5,18/19,1637.05871582,13.0,21.0,-3.0,16.0,1858.97216797,4.0,34.0,20.0,16.0,0.0,6.0,7.0,3.0,6.0,7.0,1.3125,2.125
Liverpool,Man United,H,3,1,M Atkinson,1.57,4.5,6.0,18/19,1931.03503418,2.0,42.0,28.0,16.0,1841.54577637,6.0,26.0,2.0,16.0,3.0,9.0,15.0,3.0,5.0,6.0,2.625,1.625
Southampton,Arsenal,H,3,2,C Kavanagh,4.1,3.9,1.9,18/19,1606.546875,19.0,9.0,-17.0,16.0,1856.36743164,5.0,34.0,15.0,16.0,0.0,1.0,2.0,3.0,7.0,11.0,0.5625,2.125
Wolves,Liverpool,A,0,2,C Pawson,7.0,4.0,1.57,18/19,1627.18054199,7.0,25.0,0.0,17.0,1937.40771484,1.0,45.0,30.0,17.0,3.0,9.0,9.0,3.0,9.0,15.0,1.4705882352941178,2.6470588235294117
Arsenal,Burnley,H,3,1,K Friend,1.25,6.5,15.0,18/19,1843.68920898,5.0,34.0,14.0,17.0,1615.1529541,18.0,12.0,-18.0,17.0,0.0,4.0,10.0,0.0,3.0,3.0,2.0,0.7058823529411765
Bournemouth,Brighton,H,2,0,M Dean,1.9,3.7,4.33,18/19,1662.67297363,11.0,23.0,-3.0,17.0,1632.83569336,13.0,21.0,-4.0,17.0,0.0,3.0,3.0,0.0,3.0,7.0,1.3529411764705883,1.2352941176470589
Cardiff,Man United,A,1,5,M Oliver,6.5,4.2,1.57,18/19,1557.97363281,16.0,14.0,-16.0,17.0,1835.17321777,6.0,26.0,0.0,17.0,0.0,3.0,6.0,0.0,4.0,6.0,0.8235294117647058,1.5294117647058822
Chelsea,Leicester,A,0,1,L Probert,1.33,5.5,11.0,18/19,1863.1953125,4.0,37.0,21.0,17.0,1678.59375,12.0,22.0,0.0,17.0,3.0,6.0,9.0,0.0,1.0,5.0,2.176470588235294,1.2941176470588236
Huddersfield,Southampton,A,1,3,S Attwell,3.1,3.1,2.6,18/19,1538.47546387,19.0,10.0,-18.0,17.0,1619.22509766,17.0,12.0,-16.0,17.0,0.0,0.0,3.0,3.0,3.0,4.0,0.5882352941176471,0.7058823529411765
Man City,Crystal Palace,A,2,3,A Marriner,1.14,10.0,21.0,18/19,1989.02209473,2.0,44.0,38.0,17.0,1647.40856934,15.0,15.0,-9.0,17.0,3.0,6.0,12.0,3.0,3.0,7.0,2.588235294117647,0.8823529411764706
Newcastle,Fulham,D,0,0,M Atkinson,2.0,3.6,4.0,18/19,1633.13647461,14.0,16.0,-8.0,17.0,1565.06445312,20.0,9.0,-26.0,17.0,3.0,4.0,7.0,0.0,1.0,4.0,0.9411764705882353,0.5294117647058824
West Ham,Watford,A,0,2,L Mason,2.37,3.5,3.1,18/19,1698.95410156,9.0,24.0,0.0,17.0,1642.4017334,10.0,24.0,-2.0,17.0,3.0,9.0,12.0,3.0,4.0,4.0,1.411764705882353,1.411764705882353
Everton,Tottenham,A,2,6,P Tierney,3.25,3.5,2.3,18/19,1697.36645508,11.0,24.0,2.0,17.0,1908.8359375,3.0,39.0,15.0,17.0,0.0,2.0,5.0,3.0,9.0,12.0,1.411764705882353,2.2941176470588234
Brighton,Arsenal,D,1,1,A Taylor,5.25,3.9,1.72,18/19,1624.67456055,13.0,21.0,-6.0,18.0,1846.76000977,5.0,37.0,16.0,18.0,0.0,0.0,6.0,3.0,6.0,10.0,1.1666666666666667,2.0555555555555554
Burnley,Everton,A,1,5,M Oliver,4.33,3.5,1.95,18/19,1612.08215332,18.0,12.0,-20.0,18.0,1688.89453125,11.0,24.0,-2.0,18.0,0.0,3.0,3.0,0.0,1.0,2.0,0.6666666666666666,1.3333333333333333
Crystal Palace,Cardiff,D,0,0,L Probert,1.66,4.0,5.75,18/19,1663.35803223,14.0,18.0,-8.0,18.0,1551.41149902,17.0,14.0,-20.0,18.0,3.0,6.0,9.0,0.0,3.0,6.0,1.0,0.7777777777777778
Fulham,Wolves,D,1,1,A Marriner,3.25,3.4,2.37,18/19,1568.64099121,20.0,10.0,-26.0,18.0,1623.35168457,10.0,25.0,-2.0,18.0,1.0,1.0,2.0,0.0,6.0,9.0,0.5555555555555556,1.3888888888888888
Leicester,Man City,H,2,1,M Dean,9.5,5.25,1.36,18/19,1692.27856445,9.0,25.0,1.0,18.0,1973.07263184,2.0,44.0,37.0,18.0,3.0,3.0,7.0,0.0,3.0,9.0,1.3888888888888888,2.4444444444444446
Liverpool,Newcastle,H,4,0,G Scott,1.16,8.5,19.0,18/19,1941.23657227,1.0,48.0,32.0,18.0,1629.55993652,15.0,17.0,-8.0,18.0,3.0,9.0,15.0,1.0,4.0,5.0,2.6666666666666665,0.9444444444444444
Man United,Huddersfield,H,3,1,J Moss,1.25,6.5,15.0,18/19,1841.73535156,6.0,29.0,4.0,18.0,1527.59423828,19.0,10.0,-20.0,18.0,3.0,6.0,8.0,0.0,0.0,0.0,1.6111111111111112,0.5555555555555556
Tottenham,Bournemouth,H,5,0,C Kavanagh,1.36,5.5,9.0,18/19,1917.30786133,3.0,42.0,19.0,18.0,1670.83398438,8.0,26.0,-1.0,18.0,3.0,9.0,12.0,3.0,3.0,6.0,2.3333333333333335,1.4444444444444444
Watford,Chelsea,A,1,2,M Atkinson,5.25,3.8,1.75,18/19,1657.98535156,7.0,27.0,0.0,18.0,1849.51049805,4.0,37.0,20.0,18.0,3.0,7.0,7.0,0.0,6.0,9.0,1.5,2.0555555555555554
Southampton,West Ham,A,1,2,C Pawson,2.3,3.5,3.3,18/19,1630.10632324,16.0,15.0,-14.0,18.0,1683.37036133,12.0,24.0,-2.0,18.0,3.0,6.0,7.0,0.0,6.0,12.0,0.8333333333333334,1.3333333333333333
Brighton,Everton,H,1,0,A Madley,3.25,3.4,2.14,18/19,1629.15075684,13.0,22.0,-6.0,19.0,1703.8470459000002,8.0,27.0,2.0,19.0,1.0,1.0,4.0,3.0,3.0,5.0,1.1578947368421053,1.4210526315789473
Fulham,Huddersfield,H,1,0,K Friend,2.0,3.4,3.75,18/19,1568.64074707,19.0,11.0,-26.0,19.0,1525.50305176,20.0,10.0,-22.0,19.0,1.0,2.0,3.0,0.0,0.0,0.0,0.5789473684210527,0.5263157894736842
Leicester,Cardiff,A,0,1,S Hooper,1.55,4.0,6.0,18/19,1705.68554688,7.0,28.0,2.0,19.0,1555.87158203,17.0,15.0,-20.0,19.0,3.0,6.0,7.0,1.0,1.0,4.0,1.4736842105263157,0.7894736842105263
Liverpool,Arsenal,H,5,1,M Oliver,1.5,4.5,5.75,18/19,1944.17333984,1.0,51.0,36.0,19.0,1842.28381348,5.0,38.0,16.0,19.0,3.0,9.0,15.0,1.0,4.0,8.0,2.6842105263157894,2.0
Tottenham,Wolves,A,1,3,S Attwell,1.33,5.0,8.5,18/19,1921.73669434,2.0,45.0,24.0,19.0,1623.35205078,11.0,26.0,-2.0,19.0,3.0,9.0,15.0,1.0,4.0,10.0,2.3684210526315788,1.368421052631579
Watford,Newcastle,D,1,1,R East,1.85,3.6,4.0,18/19,1653.30114746,10.0,27.0,-1.0,19.0,1626.62316895,15.0,17.0,-12.0,19.0,0.0,6.0,7.0,0.0,4.0,5.0,1.4210526315789473,0.8947368421052632
Burnley,West Ham,H,2,0,D Coote,3.3,3.2,2.25,18/19,1597.12963867,19.0,12.0,-24.0,19.0,1691.48291016,11.0,27.0,-1.0,19.0,0.0,0.0,3.0,3.0,6.0,12.0,0.631578947368421,1.4210526315789473
Crystal Palace,Chelsea,A,0,1,C Pawson,4.75,4.0,1.66,18/19,1658.89794922,14.0,19.0,-8.0,19.0,1854.19470215,4.0,40.0,21.0,19.0,1.0,7.0,7.0,3.0,6.0,9.0,1.0,2.1052631578947367
Man United,Bournemouth,H,4,1,L Mason,1.33,4.75,10.0,18/19,1843.82653809,6.0,32.0,6.0,19.0,1666.40515137,12.0,26.0,-6.0,19.0,3.0,6.0,10.0,0.0,3.0,6.0,1.6842105263157894,1.368421052631579
Southampton,Man City,A,1,3,P Tierney,10.0,5.25,1.3,18/19,1621.99377441,17.0,15.0,-15.0,19.0,1959.66577148,3.0,44.0,36.0,19.0,0.0,6.0,6.0,0.0,3.0,6.0,0.7894736842105263,2.3157894736842106
Arsenal,Fulham,H,4,1,G Scott,1.33,5.75,9.5,18/19,1833.88671875,5.0,38.0,12.0,20.0,1574.29785156,19.0,14.0,-25.0,20.0,0.0,4.0,7.0,3.0,5.0,5.0,1.9,0.7
Cardiff,Tottenham,A,0,3,K Friend,7.5,4.5,1.5,18/19,1568.88061523,16.0,18.0,-19.0,20.0,1899.80041504,3.0,45.0,22.0,20.0,3.0,4.0,7.0,0.0,6.0,12.0,0.9,2.25
Everton,Leicester,A,0,1,M Atkinson,2.0,3.5,4.2,18/19,1695.17651367,10.0,27.0,1.0,20.0,1692.67651367,8.0,28.0,1.0,20.0,0.0,3.0,4.0,0.0,6.0,6.0,1.35,1.4
Bournemouth,Watford,D,3,3,D Coote,2.6,3.6,2.75,18/19,1661.28015137,12.0,26.0,-9.0,20.0,1650.9777832,9.0,28.0,-1.0,20.0,0.0,3.0,3.0,1.0,4.0,8.0,1.3,1.4
Chelsea,Southampton,D,0,0,J Moss,1.28,6.5,11.0,18/19,1858.82580566,4.0,43.0,22.0,20.0,1618.8927002,17.0,15.0,-17.0,20.0,3.0,6.0,12.0,0.0,3.0,6.0,2.15,0.75
Huddersfield,Burnley,A,1,2,M Dean,2.14,3.1,4.2,18/19,1519.84594727,20.0,10.0,-23.0,20.0,1610.07458496,18.0,15.0,-22.0,20.0,0.0,0.0,0.0,3.0,3.0,6.0,0.5,0.75
Newcastle,Man United,A,0,2,A Marriner,6.0,4.2,1.61,18/19,1628.94641113,15.0,18.0,-12.0,20.0,1848.95166016,6.0,35.0,9.0,20.0,1.0,2.0,5.0,3.0,9.0,12.0,0.9,1.75
West Ham,Brighton,D,2,2,C Kavanagh,1.95,3.75,4.0,18/19,1678.53796387,11.0,27.0,-3.0,20.0,1637.82128906,13.0,25.0,-5.0,20.0,0.0,3.0,9.0,3.0,4.0,4.0,1.35,1.25
Wolves,Crystal Palace,A,0,2,R East,2.0,3.4,4.33,18/19,1645.28833008,8.0,29.0,0.0,20.0,1654.2668457,14.0,19.0,-9.0,20.0,3.0,4.0,10.0,0.0,4.0,7.0,1.45,0.95
Man City,Liverpool,H,2,1,A Taylor,2.04,3.8,3.6,18/19,1962.7668457,3.0,47.0,38.0,20.0,1952.57043457,1.0,54.0,40.0,20.0,3.0,3.0,6.0,3.0,9.0,15.0,2.35,2.7
Brighton,Liverpool,A,0,1,K Friend,11.0,6.0,1.3,18/19,1640.43566895,13.0,26.0,-5.0,21.0,1946.19128418,1.0,54.0,39.0,21.0,1.0,5.0,5.0,0.0,6.0,12.0,1.2380952380952381,2.5714285714285716
Burnley,Fulham,H,2,1,M Atkinson,2.4,3.3,3.25,18/19,1617.31652832,16.0,18.0,-21.0,21.0,1571.1315918,19.0,14.0,-28.0,21.0,3.0,6.0,6.0,0.0,4.0,5.0,0.8571428571428571,0.6666666666666666
Cardiff,Huddersfield,D,0,0,L Mason,2.25,3.25,3.6,18/19,1564.87487793,17.0,18.0,-22.0,21.0,1512.60400391,20.0,10.0,-24.0,21.0,0.0,4.0,4.0,0.0,0.0,0.0,0.8571428571428571,0.47619047619047616
Chelsea,Newcastle,H,2,1,C Kavanagh,1.22,7.0,15.0,18/19,1851.9621582,4.0,44.0,22.0,21.0,1623.07446289,15.0,18.0,-14.0,21.0,1.0,7.0,10.0,0.0,1.0,5.0,2.0952380952380953,0.8571428571428571
Crystal Palace,Watford,A,1,2,P Tierney,2.25,3.4,3.5,18/19,1667.36376953,14.0,22.0,-7.0,21.0,1652.75976562,8.0,29.0,-1.0,21.0,3.0,4.0,10.0,1.0,2.0,8.0,1.0476190476190477,1.380952380952381
Leicester,Southampton,A,1,2,M Oliver,1.95,3.5,4.33,18/19,1701.98962402,7.0,31.0,2.0,21.0,1625.75634766,18.0,16.0,-17.0,21.0,3.0,6.0,9.0,1.0,1.0,7.0,1.4761904761904763,0.7619047619047619
West Ham,Arsenal,H,1,0,J Moss,3.5,4.0,2.05,18/19,1675.92358398,10.0,28.0,-3.0,21.0,1837.05297852,5.0,41.0,15.0,21.0,1.0,4.0,7.0,3.0,4.0,7.0,1.3333333333333333,1.9523809523809523
Everton,Bournemouth,H,2,0,A Taylor,1.75,4.0,4.8,18/19,1685.86340332,11.0,27.0,0.0,21.0,1659.49816895,12.0,27.0,-9.0,21.0,0.0,3.0,3.0,1.0,1.0,4.0,1.2857142857142858,1.2857142857142858
Tottenham,Man United,A,0,1,M Dean,2.05,3.7,3.75,18/19,1903.80615234,3.0,48.0,25.0,21.0,1854.82348633,6.0,38.0,11.0,21.0,3.0,6.0,12.0,3.0,9.0,12.0,2.2857142857142856,1.8095238095238095
Man City,Wolves,H,3,0,C Pawson,1.18,8.0,17.0,18/19,1969.14587402,2.0,50.0,39.0,21.0,1632.19140625,11.0,29.0,-2.0,21.0,3.0,6.0,9.0,0.0,4.0,7.0,2.380952380952381,1.380952380952381
Arsenal,Chelsea,H,2,0,A Taylor,3.1,3.6,2.37,18/19,1826.44189453,5.0,41.0,14.0,22.0,1854.34594727,4.0,47.0,23.0,22.0,0.0,3.0,7.0,3.0,7.0,10.0,1.8636363636363635,2.1363636363636362
Bournemouth,West Ham,H,2,0,S Hooper,2.37,3.7,3.0,18/19,1651.16027832,12.0,27.0,-11.0,22.0,1686.53466797,9.0,31.0,-2.0,22.0,0.0,1.0,4.0,3.0,4.0,7.0,1.2272727272727273,1.4090909090909092
Liverpool,Crystal Palace,H,4,3,J Moss,1.2,7.5,17.0,18/19,1948.81066895,1.0,57.0,40.0,22.0,1657.80932617,14.0,22.0,-8.0,22.0,3.0,6.0,12.0,0.0,3.0,7.0,2.590909090909091,1.0
Man United,Brighton,H,2,1,P Tierney,1.3,5.75,12.0,18/19,1865.57922363,6.0,41.0,12.0,22.0,1637.81628418,13.0,26.0,-6.0,22.0,3.0,9.0,15.0,0.0,4.0,5.0,1.8636363636363635,1.1818181818181819
Newcastle,Cardiff,H,3,0,S Attwell,1.95,3.4,4.5,18/19,1620.69067383,18.0,18.0,-15.0,22.0,1561.99584961,17.0,19.0,-22.0,22.0,0.0,1.0,2.0,1.0,4.0,5.0,0.8181818181818182,0.8636363636363636
Southampton,Everton,H,2,1,G Scott,2.75,3.4,2.7,18/19,1637.13195801,16.0,19.0,-16.0,22.0,1694.20129395,10.0,30.0,2.0,22.0,3.0,4.0,7.0,3.0,3.0,6.0,0.8636363636363636,1.3636363636363635
Watford,Burnley,D,0,0,M Oliver,1.65,4.0,5.75,18/19,1662.31420898,7.0,32.0,0.0,22.0,1622.9934082,15.0,21.0,-20.0,22.0,3.0,5.0,8.0,3.0,9.0,9.0,1.4545454545454546,0.9545454545454546
Wolves,Leicester,H,4,3,C Kavanagh,2.37,3.2,3.4,18/19,1630.04150391,11.0,29.0,-5.0,22.0,1690.6138915999998,8.0,31.0,1.0,22.0,0.0,3.0,4.0,0.0,3.0,9.0,1.3181818181818181,1.4090909090909092
Fulham,Tottenham,A,1,2,C Pawson,5.25,3.8,1.75,18/19,1565.45458984,19.0,14.0,-29.0,22.0,1893.05053711,3.0,48.0,24.0,22.0,0.0,3.0,5.0,0.0,3.0,9.0,0.6363636363636364,2.1818181818181817
Huddersfield,Man City,A,0,3,A Marriner,21.0,8.5,1.16,18/19,1515.48303223,20.0,11.0,-24.0,22.0,1971.29577637,2.0,53.0,42.0,22.0,1.0,1.0,1.0,3.0,9.0,9.0,0.5,2.409090909090909
Arsenal,Cardiff,H,2,1,M Dean,1.22,7.0,15.0,18/19,1836.65246582,5.0,44.0,16.0,23.0,1552.56860352,18.0,19.0,-25.0,23.0,3.0,6.0,7.0,0.0,1.0,5.0,1.9130434782608696,0.8260869565217391
Fulham,Brighton,H,4,2,L Probert,2.37,3.3,3.3,18/19,1563.12353516,19.0,14.0,-30.0,23.0,1635.47070312,13.0,26.0,-7.0,23.0,0.0,0.0,4.0,0.0,1.0,5.0,0.6086956521739131,1.1304347826086956
Huddersfield,Everton,A,0,1,S Attwell,4.0,3.3,2.1,18/19,1513.49768066,20.0,11.0,-27.0,23.0,1686.04577637,11.0,30.0,1.0,23.0,0.0,1.0,1.0,0.0,3.0,6.0,0.4782608695652174,1.3043478260869565
Man United,Burnley,D,2,2,J Moss,1.28,6.0,12.0,18/19,1867.92480469,6.0,44.0,13.0,23.0,1625.62023926,16.0,22.0,-20.0,23.0,3.0,9.0,15.0,1.0,7.0,10.0,1.9130434782608696,0.9565217391304348
Newcastle,Man City,H,2,1,P Tierney,19.0,8.0,1.18,18/19,1630.11791992,17.0,21.0,-12.0,23.0,1973.28112793,2.0,56.0,45.0,23.0,3.0,3.0,4.0,3.0,9.0,12.0,0.9130434782608695,2.4347826086956523
Wolves,West Ham,H,3,0,D Coote,2.1,3.5,3.75,18/19,1638.33154297,8.0,32.0,-4.0,23.0,1676.13586426,10.0,31.0,-4.0,23.0,3.0,3.0,7.0,0.0,4.0,7.0,1.391304347826087,1.3478260869565217
Bournemouth,Chelsea,H,4,0,R East,5.25,4.2,1.66,18/19,1661.55908203,12.0,30.0,-9.0,23.0,1844.13549805,4.0,47.0,21.0,23.0,3.0,4.0,4.0,0.0,4.0,10.0,1.3043478260869565,2.0434782608695654
Liverpool,Leicester,D,1,1,M Atkinson,1.22,7.0,15.0,18/19,1950.43395996,1.0,60.0,41.0,23.0,1682.32385254,10.0,31.0,0.0,23.0,3.0,6.0,12.0,0.0,3.0,6.0,2.608695652173913,1.3478260869565217
Southampton,Crystal Palace,D,1,1,A Marriner,2.4,3.4,3.2,18/19,1645.28759766,17.0,22.0,-15.0,23.0,1656.18615723,16.0,22.0,-9.0,23.0,3.0,7.0,7.0,0.0,3.0,4.0,0.9565217391304348,0.9565217391304348
Tottenham,Watford,H,2,1,G Scott,1.66,4.0,5.75,18/19,1895.3815918,3.0,51.0,25.0,23.0,1659.68737793,9.0,33.0,0.0,23.0,3.0,6.0,9.0,1.0,5.0,6.0,2.217391304347826,1.434782608695652
Brighton,Watford,D,0,0,S Hooper,2.55,3.3,3.0,18/19,1623.37072754,13.0,26.0,-9.0,24.0,1657.58422852,9.0,33.0,-1.0,24.0,0.0,0.0,4.0,0.0,4.0,6.0,1.0833333333333333,1.375
Burnley,Southampton,D,1,1,A Taylor,2.55,3.5,2.87,18/19,1632.57995605,17.0,23.0,-20.0,24.0,1643.93359375,16.0,23.0,-15.0,24.0,1.0,5.0,11.0,1.0,7.0,8.0,0.9583333333333334,0.9583333333333334
Cardiff,Bournemouth,H,2,0,J Moss,3.25,3.5,2.3,18/19,1550.93432617,18.0,19.0,-26.0,24.0,1684.04614258,10.0,33.0,-5.0,24.0,0.0,1.0,4.0,3.0,6.0,7.0,0.7916666666666666,1.375
Chelsea,Huddersfield,H,5,0,P Tierney,1.2,7.5,19.0,18/19,1821.6484375,5.0,47.0,17.0,24.0,1508.2902832,20.0,11.0,-28.0,24.0,0.0,3.0,7.0,0.0,1.0,1.0,1.9583333333333333,0.4583333333333333
Crystal Palace,Fulham,H,2,0,M Oliver,2.05,3.5,4.0,18/19,1657.54016113,15.0,23.0,-9.0,24.0,1575.22351074,19.0,17.0,-28.0,24.0,1.0,1.0,4.0,3.0,3.0,6.0,0.9583333333333334,0.7083333333333334
Everton,Wolves,A,1,3,L Mason,2.37,3.4,3.25,18/19,1691.25317383,8.0,33.0,2.0,24.0,1651.38122559,7.0,35.0,-1.0,24.0,3.0,6.0,6.0,3.0,6.0,9.0,1.375,1.4583333333333333
Tottenham,Newcastle,H,1,0,A Marriner,1.44,4.5,9.0,18/19,1897.48486328,3.0,54.0,26.0,24.0,1644.73083496,14.0,24.0,-11.0,24.0,3.0,6.0,9.0,3.0,6.0,7.0,2.25,1.0
Leicester,Man United,A,0,1,M Dean,3.6,3.5,2.15,18/19,1689.67285156,11.0,32.0,0.0,24.0,1860.96508789,6.0,45.0,13.0,24.0,1.0,1.0,4.0,1.0,7.0,13.0,1.3333333333333333,1.875
Man City,Arsenal,H,3,1,M Atkinson,1.33,6.0,9.0,18/19,1958.66809082,3.0,56.0,44.0,24.0,1838.28662109,5.0,47.0,17.0,24.0,0.0,6.0,12.0,3.0,6.0,9.0,2.3333333333333335,1.9583333333333333
West Ham,Liverpool,D,1,1,K Friend,8.0,5.25,1.4,18/19,1663.08618164,12.0,31.0,-7.0,24.0,1943.08496094,1.0,61.0,41.0,24.0,0.0,3.0,4.0,1.0,7.0,10.0,1.2916666666666667,2.5416666666666665
Everton,Man City,A,0,2,C Pawson,10.0,6.25,1.3,18/19,1676.09472656,9.0,33.0,0.0,25.0,1963.87255859,2.0,59.0,46.0,25.0,0.0,3.0,6.0,3.0,6.0,12.0,1.32,2.36
Brighton,Burnley,A,1,3,S Attwell,2.05,3.3,4.2,18/19,1622.6484375,13.0,27.0,-9.0,25.0,1631.20715332,17.0,24.0,-20.0,25.0,1.0,1.0,2.0,1.0,3.0,9.0,1.08,0.96
Crystal Palace,West Ham,D,1,1,C Pawson,2.1,3.5,3.75,18/19,1664.14562988,14.0,26.0,-7.0,25.0,1668.66040039,12.0,32.0,-7.0,25.0,3.0,4.0,7.0,1.0,1.0,5.0,1.04,1.28
Fulham,Man United,A,0,3,P Tierney,5.5,4.4,1.61,18/19,1568.61804199,19.0,17.0,-30.0,25.0,1866.24633789,5.0,48.0,14.0,25.0,0.0,3.0,3.0,3.0,7.0,13.0,0.68,1.92
Huddersfield,Arsenal,A,1,2,J Moss,5.75,4.4,1.6,18/19,1505.05993652,20.0,11.0,-33.0,25.0,1833.08227539,6.0,47.0,15.0,25.0,0.0,0.0,1.0,0.0,6.0,9.0,0.44,1.88
Liverpool,Bournemouth,H,3,0,A Taylor,1.22,7.5,14.0,18/19,1937.51074219,2.0,62.0,41.0,25.0,1669.9588623,10.0,33.0,-7.0,25.0,1.0,5.0,8.0,0.0,6.0,7.0,2.48,1.32
Southampton,Cardiff,A,1,2,M Atkinson,1.75,3.9,5.0,18/19,1645.30627441,16.0,24.0,-15.0,25.0,1565.02160645,18.0,22.0,-24.0,25.0,1.0,5.0,9.0,3.0,3.0,4.0,0.96,0.88
Watford,Everton,H,1,0,L Probert,2.35,3.5,3.2,18/19,1658.30639648,8.0,34.0,-1.0,25.0,1671.95666504,9.0,33.0,-2.0,26.0,1.0,2.0,6.0,0.0,3.0,6.0,1.36,1.2692307692307692
Man City,Chelsea,H,6,0,M Dean,1.5,4.75,7.0,18/19,1968.01062012,2.0,62.0,48.0,26.0,1824.87878418,5.0,50.0,22.0,25.0,3.0,6.0,12.0,3.0,3.0,7.0,2.3846153846153846,2.0
Tottenham,Leicester,H,3,1,M Oliver,1.7,3.9,5.5,18/19,1899.44714355,3.0,57.0,27.0,25.0,1684.39147949,12.0,32.0,-1.0,25.0,3.0,9.0,12.0,0.0,1.0,4.0,2.28,1.28
Wolves,Newcastle,D,1,1,G Scott,1.7,3.75,5.75,18/19,1666.53955078,7.0,38.0,1.0,25.0,1642.76855469,17.0,24.0,-12.0,25.0,3.0,9.0,9.0,0.0,6.0,6.0,1.52,0.96
Cardiff,Watford,A,1,5,S Hooper,3.1,3.4,2.45,18/19,1578.66894531,17.0,25.0,-23.0,26.0,1666.92492676,8.0,37.0,0.0,26.0,3.0,6.0,7.0,3.0,4.0,8.0,0.9615384615384616,1.4230769230769231
West Ham,Fulham,H,3,1,L Mason,1.95,3.8,4.0,18/19,1672.16467285,10.0,33.0,-7.0,26.0,1565.59204102,19.0,17.0,-33.0,26.0,1.0,2.0,5.0,0.0,3.0,3.0,1.2692307692307692,0.6538461538461539
Bournemouth,Wolves,D,1,1,R East,2.87,3.4,2.62,18/19,1668.89807129,11.0,33.0,-10.0,26.0,1666.06835938,8.0,39.0,1.0,26.0,0.0,3.0,6.0,1.0,7.0,10.0,1.2692307692307692,1.5
Burnley,Tottenham,H,2,1,M Dean,5.75,3.8,1.7,18/19,1646.56311035,15.0,27.0,-18.0,26.0,1916.56445312,3.0,60.0,29.0,26.0,3.0,5.0,9.0,3.0,9.0,12.0,1.0384615384615385,2.3076923076923075
Leicester,Crystal Palace,A,1,4,A Taylor,2.25,3.4,3.5,18/19,1682.92346191,12.0,32.0,-3.0,26.0,1664.40429688,13.0,27.0,-7.0,26.0,0.0,1.0,1.0,1.0,5.0,5.0,1.2307692307692308,1.0384615384615385
Newcastle,Huddersfield,H,2,0,K Friend,1.83,3.5,5.25,18/19,1647.00268555,16.0,25.0,-12.0,26.0,1504.47692871,20.0,11.0,-34.0,26.0,1.0,4.0,7.0,0.0,0.0,1.0,0.9615384615384616,0.4230769230769231
Arsenal,Southampton,H,2,0,G Scott,1.5,4.75,7.0,18/19,1839.22961426,5.0,50.0,16.0,26.0,1635.421875,18.0,24.0,-16.0,26.0,3.0,6.0,9.0,0.0,2.0,8.0,1.9230769230769231,0.9230769230769231
Man United,Liverpool,D,0,0,M Oliver,3.1,3.5,2.37,18/19,1860.47094727,4.0,51.0,17.0,26.0,1940.47668457,2.0,65.0,44.0,26.0,3.0,7.0,13.0,3.0,5.0,11.0,1.9615384615384615,2.5
Cardiff,Everton,A,0,3,K Friend,3.75,3.4,2.15,18/19,1564.04260254,17.0,25.0,-27.0,27.0,1667.10107422,11.0,33.0,-3.0,27.0,0.0,6.0,6.0,0.0,0.0,3.0,0.9259259259259259,1.2222222222222223
Huddersfield,Wolves,H,1,0,D Coote,5.0,3.5,1.85,18/19,1499.30126953,20.0,11.0,-36.0,27.0,1667.79821777,8.0,40.0,1.0,27.0,0.0,0.0,0.0,1.0,5.0,11.0,0.4074074074074074,1.4814814814814814
Leicester,Brighton,H,2,1,L Probert,1.9,3.5,4.6,18/19,1665.69104004,12.0,32.0,-6.0,27.0,1611.05554199,16.0,27.0,-11.0,26.0,0.0,0.0,1.0,0.0,1.0,1.0,1.1851851851851851,1.0384615384615385
Newcastle,Burnley,H,2,0,C Pawson,2.15,3.3,3.9,18/19,1652.1784668,15.0,28.0,-10.0,27.0,1659.79492188,14.0,30.0,-17.0,27.0,3.0,4.0,10.0,3.0,7.0,9.0,1.037037037037037,1.1111111111111112
Arsenal,Bournemouth,H,5,1,C Kavanagh,1.44,5.0,7.5,18/19,1842.77062988,4.0,53.0,18.0,27.0,1667.16833496,12.0,34.0,-10.0,27.0,3.0,6.0,12.0,1.0,1.0,7.0,1.962962962962963,1.2592592592592593
Chelsea,Tottenham,H,2,0,A Marriner,2.3,3.5,3.25,18/19,1822.84448242,6.0,50.0,16.0,26.0,1903.3326416,3.0,60.0,28.0,27.0,0.0,3.0,6.0,0.0,6.0,12.0,1.9230769230769231,2.2222222222222223
Crystal Palace,Man United,A,1,3,M Atkinson,3.25,3.5,2.3,18/19,1681.63671875,14.0,30.0,-4.0,27.0,1861.09313965,5.0,52.0,17.0,27.0,3.0,7.0,8.0,1.0,7.0,11.0,1.1111111111111112,1.9259259259259258
Liverpool,Watford,H,5,0,G Scott,1.28,6.0,12.0,18/19,1939.85449219,1.0,66.0,44.0,27.0,1681.5513915999998,7.0,40.0,4.0,27.0,1.0,5.0,9.0,3.0,7.0,8.0,2.4444444444444446,1.4814814814814814
Man City,West Ham,H,1,0,S Attwell,1.16,9.0,19.0,18/19,1980.43823242,2.0,65.0,54.0,27.0,1677.91564941,10.0,36.0,-5.0,27.0,3.0,9.0,12.0,3.0,5.0,5.0,2.4074074074074074,1.3333333333333333
Southampton,Fulham,H,2,0,A Taylor,1.9,3.7,4.33,18/19,1631.88085938,18.0,24.0,-18.0,27.0,1559.84106445,19.0,17.0,-35.0,27.0,0.0,1.0,5.0,0.0,0.0,3.0,0.8888888888888888,0.6296296296296297
Bournemouth,Man City,A,0,1,K Friend,13.0,7.5,1.22,18/19,1661.61474609,12.0,34.0,-14.0,28.0,1981.83764648,2.0,68.0,55.0,28.0,0.0,1.0,4.0,3.0,9.0,12.0,1.2142857142857142,2.4285714285714284
Brighton,Huddersfield,H,1,0,M Dean,1.85,3.4,5.25,18/19,1605.74169922,16.0,27.0,-12.0,27.0,1510.31066895,20.0,14.0,-35.0,28.0,0.0,1.0,1.0,3.0,3.0,3.0,1.0,0.5
Burnley,Crystal Palace,A,1,3,L Probert,2.8,3.3,2.75,18/19,1650.08898926,15.0,30.0,-19.0,28.0,1674.32409668,14.0,30.0,-6.0,28.0,0.0,6.0,8.0,0.0,4.0,8.0,1.0714285714285714,1.0714285714285714
Man United,Southampton,H,3,2,S Attwell,1.45,4.5,8.5,18/19,1868.40576172,5.0,55.0,19.0,28.0,1638.75366211,17.0,27.0,-16.0,28.0,3.0,7.0,11.0,3.0,3.0,5.0,1.9642857142857142,0.9642857142857143
Tottenham,Arsenal,D,1,1,A Taylor,2.05,3.7,3.75,18/19,1891.22241211,3.0,60.0,26.0,28.0,1848.32409668,4.0,56.0,22.0,28.0,0.0,3.0,9.0,3.0,9.0,12.0,2.142857142857143,2.0
West Ham,Newcastle,H,2,0,C Kavanagh,2.15,3.5,3.6,18/19,1676.51623535,10.0,36.0,-6.0,28.0,1661.88427734,13.0,31.0,-8.0,28.0,0.0,4.0,5.0,3.0,7.0,10.0,1.2857142857142858,1.1071428571428572
Wolves,Cardiff,H,2,0,A Marriner,1.5,4.33,8.0,18/19,1656.78881836,7.0,40.0,0.0,28.0,1552.02880859,18.0,25.0,-30.0,28.0,0.0,2.0,8.0,0.0,3.0,6.0,1.4285714285714286,0.8928571428571429
Everton,Liverpool,D,0,0,M Atkinson,6.0,4.2,1.61,18/19,1679.11486816,10.0,36.0,0.0,28.0,1943.97424316,2.0,69.0,49.0,28.0,3.0,3.0,6.0,3.0,7.0,9.0,1.2857142857142858,2.4642857142857144
Fulham,Chelsea,A,1,2,G Scott,6.5,4.5,1.53,18/19,1552.96826172,19.0,17.0,-37.0,28.0,1834.95471191,6.0,53.0,18.0,27.0,0.0,0.0,3.0,3.0,6.0,6.0,0.6071428571428571,1.962962962962963
Watford,Leicester,H,2,1,J Moss,2.55,3.3,3.0,18/19,1677.43151855,8.0,40.0,-1.0,28.0,1671.00476074,11.0,35.0,-5.0,28.0,0.0,6.0,7.0,3.0,3.0,4.0,1.4285714285714286,1.25
Cardiff,West Ham,H,2,0,G Scott,3.6,3.5,2.15,18/19,1552.82568359,18.0,25.0,-32.0,29.0,1691.77453613,9.0,39.0,-4.0,29.0,0.0,0.0,6.0,3.0,6.0,8.0,0.8620689655172413,1.3448275862068966
Crystal Palace,Brighton,A,1,2,C Pawson,1.83,3.6,5.0,18/19,1693.87585449,13.0,33.0,-4.0,29.0,1616.79150391,15.0,30.0,-11.0,28.0,3.0,6.0,10.0,3.0,3.0,4.0,1.1379310344827587,1.0714285714285714
Huddersfield,Bournemouth,A,0,2,A Taylor,3.4,3.3,2.35,18/19,1512.52001953,20.0,14.0,-36.0,29.0,1665.78100586,12.0,34.0,-15.0,29.0,0.0,3.0,3.0,0.0,1.0,1.0,0.4827586206896552,1.1724137931034482
Leicester,Fulham,H,3,1,D Coote,1.57,4.5,6.0,18/19,1671.50268555,11.0,35.0,-6.0,29.0,1556.4329834,19.0,17.0,-38.0,29.0,0.0,3.0,3.0,0.0,0.0,0.0,1.206896551724138,0.5862068965517241
Man City,Watford,H,3,1,P Tierney,1.16,9.0,19.0,18/19,1990.93054199,1.0,71.0,56.0,29.0,1690.19287109,8.0,43.0,0.0,29.0,3.0,9.0,15.0,3.0,6.0,10.0,2.4482758620689653,1.4827586206896552
Newcastle,Everton,H,3,2,L Mason,2.8,3.25,2.8,18/19,1659.88525391,14.0,31.0,-10.0,29.0,1690.89221191,10.0,37.0,0.0,29.0,0.0,6.0,7.0,1.0,4.0,4.0,1.0689655172413792,1.2758620689655173
Southampton,Tottenham,H,2,1,K Friend,4.5,3.8,1.85,18/19,1643.19897461,17.0,27.0,-17.0,29.0,1899.38452148,3.0,61.0,26.0,29.0,0.0,3.0,4.0,1.0,1.0,7.0,0.9310344827586207,2.103448275862069
Arsenal,Man United,H,2,0,J Moss,2.4,3.6,3.0,18/19,1846.15161133,5.0,57.0,22.0,29.0,1898.64318848,4.0,58.0,20.0,29.0,1.0,7.0,10.0,3.0,7.0,13.0,1.9655172413793103,2.0
Chelsea,Wolves,D,1,1,M Oliver,1.55,4.2,7.0,18/19,1851.10241699,6.0,56.0,19.0,28.0,1669.25109863,7.0,43.0,2.0,29.0,3.0,6.0,9.0,3.0,4.0,8.0,2.0,1.4827586206896552
Liverpool,Burnley,H,4,2,A Marriner,1.16,8.5,21.0,18/19,1945.45605469,2.0,70.0,49.0,29.0,1643.79650879,17.0,30.0,-21.0,29.0,1.0,5.0,9.0,0.0,3.0,7.0,2.413793103448276,1.0344827586206897
Bournemouth,Newcastle,D,2,2,M Dean,2.05,3.6,3.8,18/19,1686.25305176,12.0,37.0,-13.0,30.0,1679.17224121,13.0,34.0,-9.0,30.0,3.0,3.0,4.0,3.0,6.0,10.0,1.2333333333333334,1.1333333333333333
Burnley,Leicester,A,1,2,M Oliver,3.1,3.4,2.45,18/19,1653.96496582,17.0,30.0,-23.0,30.0,1688.94873047,10.0,38.0,-4.0,30.0,0.0,0.0,6.0,3.0,6.0,6.0,1.0,1.2666666666666666
West Ham,Huddersfield,H,4,3,J Moss,1.55,4.2,7.0,18/19,1689.9005127,9.0,39.0,-6.0,30.0,1516.38562012,20.0,14.0,-38.0,30.0,0.0,3.0,7.0,0.0,3.0,3.0,1.3,0.4666666666666667
Everton,Chelsea,H,2,0,A Taylor,4.0,3.8,1.95,18/19,1695.94299316,12.0,37.0,-1.0,30.0,1862.10217285,6.0,57.0,19.0,29.0,0.0,4.0,4.0,1.0,7.0,10.0,1.2333333333333334,1.9655172413793103
Fulham,Liverpool,A,1,2,C Pawson,12.0,7.0,1.25,18/19,1563.32470703,19.0,17.0,-40.0,30.0,1976.70922852,2.0,73.0,51.0,30.0,0.0,0.0,0.0,3.0,7.0,11.0,0.5666666666666667,2.433333333333333
Brighton,Southampton,A,0,1,M Oliver,2.55,3.2,3.1,18/19,1640.80004883,15.0,33.0,-10.0,29.0,1668.11425781,16.0,30.0,-16.0,30.0,3.0,6.0,7.0,3.0,6.0,6.0,1.1379310344827587,1.0
Burnley,Wolves,H,2,0,C Kavanagh,3.2,3.25,2.45,18/19,1645.21166992,17.0,30.0,-24.0,31.0,1687.61083984,7.0,44.0,2.0,30.0,0.0,0.0,3.0,1.0,4.0,6.0,0.967741935483871,1.4666666666666666
Crystal Palace,Huddersfield,H,2,0,L Probert,1.45,4.4,9.0,18/19,1694.20507812,14.0,33.0,-5.0,30.0,1513.46142578,20.0,14.0,-39.0,31.0,0.0,3.0,7.0,0.0,0.0,3.0,1.1,0.45161290322580644
Fulham,Man City,A,0,2,K Friend,21.0,11.0,1.12,18/19,1561.82702637,19.0,17.0,-41.0,31.0,2006.65380859,2.0,74.0,58.0,30.0,0.0,0.0,0.0,3.0,9.0,15.0,0.5483870967741935,2.466666666666667
Leicester,Bournemouth,H,2,0,L Mason,1.85,3.8,4.5,18/19,1697.7019042999998,10.0,41.0,-3.0,31.0,1684.1829834000002,12.0,38.0,-13.0,31.0,3.0,6.0,9.0,1.0,4.0,5.0,1.3225806451612903,1.2258064516129032
Man United,Watford,H,2,1,S Attwell,1.44,4.75,8.0,18/19,1900.19274902,5.0,58.0,18.0,30.0,1700.41442871,8.0,43.0,-2.0,30.0,0.0,6.0,10.0,0.0,3.0,9.0,1.9333333333333333,1.4333333333333333
West Ham,Everton,A,0,2,P Tierney,2.55,3.5,2.9,18/19,1692.82458496,9.0,42.0,-5.0,31.0,1710.89282227,11.0,40.0,1.0,31.0,3.0,6.0,9.0,3.0,4.0,7.0,1.3548387096774193,1.2903225806451613
Cardiff,Chelsea,A,1,2,C Pawson,9.0,4.5,1.44,18/19,1579.03735352,18.0,28.0,-30.0,30.0,1847.15234375,6.0,57.0,17.0,30.0,3.0,3.0,6.0,0.0,4.0,7.0,0.9333333333333333,1.9
Liverpool,Tottenham,H,2,1,M Atkinson,1.61,4.2,6.0,18/19,1978.20690918,2.0,76.0,52.0,31.0,1898.80700684,3.0,61.0,25.0,30.0,3.0,7.0,11.0,0.0,1.0,4.0,2.4516129032258065,2.033333333333333
Arsenal,Newcastle,H,2,0,A Taylor,1.36,5.25,9.5,18/19,1883.27783203,5.0,60.0,24.0,30.0,1681.24243164,14.0,35.0,-9.0,31.0,3.0,7.0,13.0,1.0,4.0,10.0,2.0,1.1290322580645162
Watford,Fulham,H,4,1,R East,1.72,4.0,5.0,18/19,1697.93151855,10.0,43.0,-3.0,31.0,1560.0982666,19.0,17.0,-43.0,32.0,0.0,3.0,6.0,0.0,0.0,0.0,1.3870967741935485,0.53125
Wolves,Man United,H,2,1,M Dean,4.0,3.6,2.0,18/19,1677.05358887,7.0,44.0,0.0,31.0,1902.67565918,5.0,61.0,19.0,31.0,0.0,4.0,5.0,3.0,6.0,10.0,1.4193548387096775,1.967741935483871
Chelsea,Brighton,H,3,0,G Scott,1.25,6.5,15.0,18/19,1850.61962891,6.0,60.0,18.0,31.0,1631.68103027,15.0,33.0,-11.0,30.0,3.0,4.0,10.0,0.0,6.0,6.0,1.935483870967742,1.1
Man City,Cardiff,H,2,0,J Moss,1.06,17.0,34.0,18/19,2008.38256836,2.0,77.0,60.0,31.0,1575.57006836,18.0,28.0,-31.0,31.0,3.0,9.0,15.0,0.0,3.0,3.0,2.4838709677419355,0.9032258064516129
Tottenham,Crystal Palace,H,2,0,A Marriner,1.45,5.0,7.5,18/19,1894.24182129,4.0,61.0,24.0,31.0,1698.17602539,13.0,36.0,-3.0,31.0,0.0,1.0,1.0,3.0,6.0,9.0,1.967741935483871,1.1612903225806452
Southampton,Liverpool,A,1,3,P Tierney,9.0,5.0,1.4,18/19,1677.23327637,16.0,33.0,-15.0,31.0,1982.77209473,2.0,79.0,53.0,32.0,3.0,6.0,9.0,3.0,9.0,13.0,1.064516129032258,2.46875
Bournemouth,Burnley,A,1,3,M Atkinson,2.1,3.6,3.75,18/19,1675.86132812,12.0,38.0,-15.0,32.0,1655.76904297,17.0,33.0,-22.0,32.0,0.0,4.0,4.0,3.0,3.0,3.0,1.1875,1.03125
Huddersfield,Leicester,A,1,4,D Coote,5.0,4.0,1.72,18/19,1509.49060059,20.0,14.0,-41.0,32.0,1706.02355957,9.0,44.0,-1.0,32.0,0.0,0.0,3.0,3.0,9.0,12.0,0.4375,1.375
Newcastle,Crystal Palace,A,0,1,S Attwell,2.6,3.25,3.0,18/19,1677.76818848,14.0,35.0,-11.0,32.0,1694.62988281,13.0,36.0,-5.0,32.0,0.0,4.0,7.0,0.0,3.0,6.0,1.09375,1.125
Everton,Arsenal,H,1,0,K Friend,3.0,3.75,2.35,18/19,1723.92211914,10.0,43.0,3.0,32.0,1886.75195312,4.0,63.0,26.0,31.0,3.0,6.0,10.0,3.0,7.0,13.0,1.34375,2.032258064516129
Chelsea,West Ham,H,2,0,C Kavanagh,1.33,5.75,9.5,18/19,1854.52526855,5.0,63.0,21.0,32.0,1679.79528809,11.0,42.0,-7.0,32.0,3.0,6.0,10.0,0.0,3.0,6.0,1.96875,1.3125
Leicester,Newcastle,A,0,1,C Kavanagh,1.66,4.0,5.75,18/19,1718.48669434,7.0,47.0,2.0,33.0,1672.19580078,15.0,35.0,-12.0,33.0,3.0,9.0,12.0,0.0,1.0,4.0,1.4242424242424243,1.0606060606060606
Brighton,Bournemouth,A,0,5,K Friend,2.3,3.4,3.4,18/19,1631.67358398,16.0,33.0,-14.0,31.0,1665.08239746,14.0,38.0,-17.0,33.0,0.0,3.0,6.0,0.0,1.0,4.0,1.064516129032258,1.1515151515151516
Burnley,Cardiff,H,2,0,M Dean,1.9,3.6,4.5,18/19,1674.34411621,15.0,36.0,-20.0,33.0,1578.56726074,18.0,28.0,-33.0,32.0,3.0,6.0,6.0,0.0,3.0,3.0,1.0909090909090908,0.875
Fulham,Everton,H,2,0,L Probert,5.0,4.0,1.75,18/19,1558.10681152,19.0,17.0,-46.0,33.0,1738.22216797,9.0,46.0,4.0,33.0,0.0,0.0,0.0,3.0,9.0,10.0,0.5151515151515151,1.393939393939394
Man United,West Ham,H,2,1,G Scott,1.4,5.25,8.5,18/19,1889.81628418,6.0,61.0,18.0,32.0,1679.76477051,11.0,42.0,-9.0,33.0,0.0,3.0,9.0,0.0,3.0,6.0,1.90625,1.2727272727272727
Southampton,Wolves,H,3,1,J Moss,2.6,3.25,3.0,18/19,1677.07885742,17.0,33.0,-17.0,32.0,1693.07580566,8.0,47.0,1.0,32.0,0.0,6.0,9.0,3.0,4.0,7.0,1.03125,1.46875
Tottenham,Huddersfield,H,4,0,L Mason,1.22,7.0,15.0,18/19,1907.73486328,4.0,64.0,26.0,32.0,1504.8236084,20.0,14.0,-44.0,33.0,3.0,3.0,4.0,0.0,0.0,0.0,2.0,0.42424242424242425
Crystal Palace,Man City,A,1,3,M Atkinson,11.0,6.0,1.3,18/19,1707.99853516,13.0,39.0,-4.0,33.0,2007.13269043,2.0,80.0,62.0,32.0,3.0,6.0,9.0,3.0,9.0,15.0,1.1818181818181819,2.5
Liverpool,Chelsea,H,2,0,M Oliver,1.66,4.2,5.25,18/19,1995.45654297,1.0,82.0,55.0,33.0,1865.94067383,4.0,66.0,23.0,33.0,3.0,9.0,13.0,3.0,9.0,10.0,2.484848484848485,2.0
Watford,Arsenal,A,0,1,C Pawson,3.2,3.75,2.25,18/19,1707.71911621,10.0,46.0,0.0,32.0,1888.78369141,6.0,63.0,25.0,32.0,3.0,3.0,6.0,0.0,6.0,10.0,1.4375,1.96875
Brighton,Cardiff,A,0,2,A Marriner,2.0,3.3,4.5,18/19,1612.00610352,17.0,33.0,-19.0,32.0,1572.55456543,18.0,28.0,-35.0,33.0,0.0,0.0,6.0,0.0,0.0,3.0,1.03125,0.8484848484848485
Bournemouth,Fulham,A,0,1,D Coote,1.65,4.4,5.25,18/19,1686.52563477,12.0,41.0,-12.0,34.0,1575.23706055,19.0,20.0,-44.0,34.0,3.0,3.0,7.0,3.0,3.0,3.0,1.2058823529411764,0.5882352941176471
Huddersfield,Watford,A,1,2,R East,4.4,3.9,1.85,18/19,1505.00732422,20.0,14.0,-48.0,34.0,1704.30371094,10.0,46.0,-1.0,33.0,0.0,0.0,0.0,0.0,3.0,6.0,0.4117647058823529,1.393939393939394
Man City,Tottenham,H,1,0,M Oliver,1.3,6.0,11.0,18/19,2007.9185791,2.0,83.0,64.0,33.0,1916.28967285,3.0,67.0,30.0,33.0,3.0,9.0,15.0,3.0,6.0,7.0,2.515151515151515,2.0303030303030303
Newcastle,Southampton,H,3,1,A Taylor,2.55,3.2,3.1,18/19,1685.09289551,15.0,38.0,-11.0,34.0,1688.43347168,16.0,36.0,-15.0,33.0,3.0,3.0,7.0,3.0,6.0,9.0,1.1176470588235294,1.0909090909090908
West Ham,Leicester,D,2,2,L Probert,3.3,3.5,2.3,18/19,1679.21130371,11.0,42.0,-10.0,34.0,1709.14111328,7.0,47.0,1.0,34.0,0.0,0.0,3.0,0.0,6.0,12.0,1.2352941176470589,1.3823529411764706
Wolves,Brighton,D,0,0,C Pawson,1.75,3.5,6.0,18/19,1685.27294922,8.0,47.0,-1.0,33.0,1598.09387207,17.0,33.0,-21.0,33.0,0.0,3.0,7.0,0.0,0.0,3.0,1.4242424242424243,1.0
Arsenal,Crystal Palace,A,2,3,J Moss,1.53,4.6,6.5,18/19,1901.20776367,4.0,66.0,26.0,33.0,1705.57739258,14.0,39.0,-6.0,34.0,3.0,6.0,10.0,0.0,3.0,6.0,2.0,1.1470588235294117
Cardiff,Liverpool,A,0,2,M Atkinson,17.0,7.5,1.2,18/19,1590.01843262,18.0,31.0,-33.0,34.0,2006.65258789,2.0,85.0,57.0,34.0,3.0,3.0,6.0,3.0,9.0,15.0,0.9117647058823529,2.5
Everton,Man United,H,4,0,P Tierney,3.25,3.5,2.3,18/19,1724.64355469,10.0,46.0,2.0,34.0,1888.27636719,6.0,64.0,19.0,33.0,0.0,6.0,9.0,3.0,6.0,9.0,1.3529411764705883,1.9393939393939394
Chelsea,Burnley,D,2,2,K Friend,1.25,6.25,15.0,18/19,1864.16845703,5.0,66.0,21.0,34.0,1682.13256836,15.0,39.0,-18.0,34.0,0.0,6.0,9.0,3.0,9.0,9.0,1.9411764705882353,1.1470588235294117
Tottenham,Brighton,H,1,0,C Kavanagh,1.28,6.0,13.0,18/19,1912.1295166,3.0,67.0,29.0,34.0,1602.32495117,17.0,34.0,-21.0,34.0,0.0,6.0,6.0,1.0,1.0,1.0,1.9705882352941178,1.0
Watford,Southampton,D,1,1,M Dean,2.25,3.5,3.4,18/19,1709.21655273,8.0,49.0,0.0,34.0,1679.21447754,16.0,36.0,-17.0,34.0,3.0,6.0,6.0,0.0,3.0,9.0,1.4411764705882353,1.0588235294117647
Man United,Man City,A,0,2,A Marriner,7.5,5.0,1.44,18/19,1867.22399902,6.0,64.0,15.0,34.0,2012.07873535,2.0,86.0,65.0,34.0,0.0,3.0,6.0,3.0,9.0,15.0,1.8823529411764706,2.5294117647058822
Wolves,Arsenal,H,3,1,S Attwell,2.9,3.5,2.55,18/19,1681.04199219,10.0,48.0,-1.0,34.0,1886.98132324,5.0,66.0,25.0,34.0,1.0,4.0,5.0,0.0,3.0,9.0,1.411764705882353,1.9411764705882353
Liverpool,Huddersfield,H,5,0,K Friend,1.07,15.0,41.0,18/19,2008.85192871,2.0,88.0,59.0,35.0,1500.09460449,20.0,14.0,-49.0,35.0,3.0,9.0,15.0,0.0,0.0,0.0,2.5142857142857142,0.4
Brighton,Newcastle,D,1,1,M Dean,2.3,3.2,3.6,18/19,1600.98730469,17.0,34.0,-22.0,35.0,1694.31188965,13.0,41.0,-9.0,35.0,0.0,1.0,1.0,3.0,6.0,7.0,0.9714285714285714,1.1714285714285715
Crystal Palace,Everton,D,0,0,L Mason,2.62,3.5,2.8,18/19,1719.80371094,12.0,42.0,-5.0,35.0,1745.69604492,9.0,49.0,6.0,35.0,3.0,6.0,9.0,3.0,6.0,12.0,1.2,1.4
Fulham,Cardiff,H,1,0,C Kavanagh,2.4,3.6,3.0,18/19,1587.56555176,19.0,23.0,-43.0,35.0,1587.81921387,18.0,31.0,-35.0,35.0,3.0,6.0,6.0,0.0,3.0,3.0,0.6571428571428571,0.8857142857142857
Southampton,Bournemouth,D,3,3,G Scott,1.9,3.9,4.1,18/19,1682.05749512,16.0,37.0,-17.0,35.0,1674.19714355,14.0,41.0,-13.0,35.0,1.0,4.0,7.0,0.0,3.0,4.0,1.0571428571428572,1.1714285714285715
Tottenham,West Ham,A,0,1,A Taylor,1.4,5.5,7.5,18/19,1913.46716309,3.0,70.0,30.0,35.0,1678.07226562,11.0,43.0,-10.0,35.0,3.0,6.0,9.0,1.0,1.0,4.0,2.0,1.2285714285714286
Watford,Wolves,A,1,2,S Hooper,2.62,3.3,2.9,18/19,1706.37353516,8.0,50.0,0.0,35.0,1697.28649902,7.0,51.0,1.0,35.0,1.0,4.0,7.0,3.0,4.0,7.0,1.4285714285714286,1.457142857142857
Burnley,Man City,A,0,1,P Tierney,23.0,9.0,1.14,18/19,1688.32324219,15.0,40.0,-18.0,35.0,2020.67016602,2.0,89.0,67.0,35.0,1.0,7.0,10.0,3.0,9.0,15.0,1.1428571428571428,2.5428571428571427
Leicester,Arsenal,H,3,0,M Oliver,2.75,3.6,2.6,18/19,1710.28015137,10.0,48.0,1.0,35.0,1870.73681641,5.0,66.0,23.0,35.0,1.0,4.0,10.0,0.0,3.0,6.0,1.3714285714285714,1.8857142857142857
Man United,Chelsea,D,1,1,M Atkinson,2.7,3.5,2.7,18/19,1858.63244629,6.0,64.0,13.0,35.0,1857.9777832,4.0,67.0,21.0,35.0,0.0,3.0,6.0,1.0,4.0,10.0,1.8285714285714285,1.9142857142857144
Everton,Burnley,H,2,0,C Kavanagh,1.66,4.0,5.75,18/19,1743.00305176,9.0,50.0,6.0,36.0,1681.83459473,15.0,40.0,-19.0,36.0,1.0,4.0,10.0,0.0,4.0,10.0,1.3888888888888888,1.1111111111111112
Bournemouth,Tottenham,H,1,0,C Pawson,4.0,4.0,1.9,18/19,1672.44360352,14.0,42.0,-13.0,36.0,1884.04504395,3.0,70.0,29.0,36.0,1.0,4.0,4.0,0.0,3.0,9.0,1.1666666666666667,1.9444444444444444
Cardiff,Crystal Palace,A,2,3,M Oliver,2.6,3.75,2.7,18/19,1577.59240723,18.0,31.0,-36.0,36.0,1714.46630859,12.0,43.0,-5.0,36.0,0.0,3.0,3.0,1.0,4.0,7.0,0.8611111111111112,1.1944444444444444
Newcastle,Liverpool,A,2,3,A Marriner,9.5,5.25,1.36,18/19,1689.68664551,13.0,42.0,-9.0,36.0,1993.34985352,2.0,91.0,64.0,36.0,1.0,7.0,7.0,3.0,9.0,15.0,1.1666666666666667,2.5277777777777777
West Ham,Southampton,H,3,0,S Attwell,2.3,3.75,3.1,18/19,1688.74255371,11.0,46.0,-9.0,36.0,1675.78051758,16.0,38.0,-17.0,36.0,3.0,4.0,4.0,1.0,2.0,5.0,1.2777777777777777,1.0555555555555556
Wolves,Fulham,H,1,0,J Moss,1.53,4.2,7.5,18/19,1703.41210938,7.0,54.0,2.0,36.0,1589.76196289,19.0,26.0,-42.0,36.0,3.0,7.0,10.0,3.0,9.0,9.0,1.5,0.7222222222222222
Arsenal,Brighton,D,1,1,A Taylor,1.4,5.0,9.0,18/19,1857.33068848,5.0,66.0,20.0,36.0,1597.58215332,17.0,35.0,-22.0,36.0,0.0,0.0,3.0,1.0,2.0,2.0,1.8333333333333333,0.9722222222222222
Chelsea,Watford,H,3,0,P Tierney,1.4,5.25,8.0,18/19,1858.02856445,4.0,68.0,21.0,36.0,1692.21740723,10.0,50.0,-1.0,36.0,1.0,2.0,8.0,0.0,4.0,7.0,1.8888888888888888,1.3888888888888888
Huddersfield,Man United,D,1,1,L Mason,11.0,6.0,1.3,18/19,1495.1673584,20.0,14.0,-54.0,36.0,1852.63671875,6.0,65.0,13.0,36.0,0.0,0.0,0.0,1.0,1.0,4.0,0.3888888888888889,1.8055555555555556
Man City,Leicester,H,1,0,M Dean,1.12,8.5,17.0,18/19,2019.12841797,2.0,92.0,68.0,36.0,1724.02819824,9.0,51.0,4.0,36.0,3.0,9.0,15.0,3.0,4.0,10.0,2.5555555555555554,1.4166666666666667
Brighton,Man City,A,1,4,M Oliver,19.0,8.5,1.16,18/19,1618.85290527,17.0,36.0,-22.0,37.0,2034.38110352,1.0,95.0,69.0,37.0,1.0,2.0,3.0,3.0,9.0,15.0,0.972972972972973,2.5675675675675675
Burnley,Arsenal,A,1,3,M Dean,3.25,3.8,2.2,18/19,1688.66955566,15.0,40.0,-21.0,37.0,1873.2677002,5.0,67.0,20.0,37.0,0.0,1.0,7.0,1.0,1.0,4.0,1.0810810810810811,1.8108108108108107
Crystal Palace,Bournemouth,H,5,3,R East,1.9,4.2,3.8,18/19,1734.7421875,12.0,46.0,-4.0,37.0,1697.81164551,13.0,45.0,-12.0,37.0,3.0,7.0,10.0,3.0,4.0,7.0,1.2432432432432432,1.2162162162162162
Fulham,Newcastle,A,0,4,K Friend,2.5,3.6,2.9,18/19,1599.81530762,19.0,26.0,-43.0,37.0,1700.61047363,14.0,42.0,-10.0,37.0,0.0,6.0,9.0,0.0,4.0,7.0,0.7027027027027027,1.135135135135135
Leicester,Chelsea,D,0,0,A Taylor,2.4,3.75,2.9,18/19,1736.50317383,9.0,51.0,3.0,37.0,1870.40014648,3.0,71.0,24.0,37.0,0.0,4.0,7.0,3.0,5.0,8.0,1.3783783783783783,1.9189189189189189
Liverpool,Wolves,H,2,0,M Atkinson,1.3,6.0,11.0,18/19,2035.11340332,2.0,94.0,65.0,37.0,1721.08642578,7.0,57.0,3.0,37.0,3.0,9.0,15.0,3.0,9.0,10.0,2.5405405405405403,1.5405405405405406
Man United,Cardiff,A,0,2,J Moss,1.28,6.5,11.0,18/19,1859.72546387,6.0,66.0,13.0,37.0,1585.04418945,18.0,31.0,-37.0,37.0,1.0,2.0,5.0,0.0,0.0,3.0,1.7837837837837838,0.8378378378378378
Southampton,Huddersfield,D,1,1,L Probert,1.44,4.75,8.5,18/19,1679.3984375,16.0,38.0,-20.0,37.0,1515.80615234,20.0,15.0,-54.0,37.0,0.0,2.0,5.0,1.0,1.0,1.0,1.027027027027027,0.40540540540540543
Tottenham,Everton,D,2,2,A Marriner,2.2,3.5,3.5,18/19,1902.64855957,4.0,70.0,28.0,37.0,1763.89575195,8.0,53.0,8.0,37.0,0.0,3.0,6.0,3.0,7.0,10.0,1.8918918918918919,1.4324324324324325
Watford,West Ham,A,1,4,C Kavanagh,2.25,3.75,3.2,18/19,1701.09204102,10.0,50.0,-4.0,37.0,1712.85229492,11.0,49.0,-6.0,37.0,0.0,1.0,4.0,3.0,7.0,7.0,1.3513513513513513,1.3243243243243243
Liverpool,Norwich,H,4,1,M Oliver,1.14,10.0,19.0,19/20,2043.6784668,1.0,0.0,0.0,0.0,1630.75085449,1.0,0.0,0.0,0.0,0.0,0.0,0.0,0.0,0.0,0.0,0.0,0.0
West Ham,Man City,A,0,5,M Dean,12.0,6.5,1.22,19/20,1729.26635742,1.0,0.0,0.0,0.0,2037.36584473,1.0,0.0,0.0,0.0,0.0,0.0,0.0,0.0,0.0,0.0,0.0,0.0
Bournemouth,Sheffield United,D,1,1,K Friend,1.95,3.6,3.6,19/20,1690.4942627,1.0,0.0,0.0,0.0,1619.61413574,1.0,0.0,0.0,0.0,0.0,0.0,0.0,0.0,0.0,0.0,0.0,0.0
Burnley,Southampton,H,3,0,G Scott,2.62,3.2,2.75,19/20,1681.58508301,1.0,0.0,0.0,0.0,1673.70129395,1.0,0.0,0.0,0.0,0.0,0.0,0.0,0.0,0.0,0.0,0.0,0.0
Crystal Palace,Everton,D,0,0,J Moss,3.0,3.25,2.37,19/20,1742.47094727,1.0,0.0,0.0,0.0,1769.51867676,1.0,0.0,0.0,0.0,0.0,0.0,0.0,0.0,0.0,0.0,0.0,0.0
Watford,Brighton,A,0,3,C Pawson,1.9,3.4,4.0,19/20,1685.0892334000002,1.0,0.0,0.0,0.0,1616.27954102,1.0,0.0,0.0,0.0,0.0,0.0,0.0,0.0,0.0,0.0,0.0,0.0
Tottenham,Aston Villa,H,3,1,C Kavanagh,1.3,5.25,10.0,19/20,1890.88830566,1.0,0.0,0.0,0.0,1612.28979492,1.0,0.0,0.0,0.0,0.0,0.0,0.0,0.0,0.0,0.0,0.0,0.0
Leicester,Wolves,D,0,0,A Marriner,2.2,3.2,3.4,19/20,1738.47180176,1.0,0.0,0.0,0.0,1720.12231445,1.0,0.0,0.0,0.0,0.0,0.0,0.0,0.0,0.0,0.0,0.0,0.0
Newcastle,Arsenal,A,0,1,M Atkinson,4.5,3.75,1.72,19/20,1715.48852539,1.0,0.0,0.0,0.0,1866.4588623,1.0,0.0,0.0,0.0,0.0,0.0,0.0,0.0,0.0,0.0,0.0,0.0
Man United,Chelsea,H,4,0,A Taylor,2.1,3.3,3.5,19/20,1838.01208496,1.0,0.0,0.0,0.0,1883.14770508,1.0,0.0,0.0,0.0,0.0,0.0,0.0,0.0,0.0,0.0,0.0,0.0
Arsenal,Burnley,H,2,1,M Dean,1.3,5.5,10.0,19/20,1872.32275391,7.0,3.0,1.0,1.0,1692.53747559,5.0,3.0,3.0,1.0,3.0,0.0,0.0,3.0,0.0,0.0,3.0,3.0
Aston Villa,Bournemouth,A,1,2,M Atkinson,2.3,3.4,3.1,19/20,1610.08789062,15.0,0.0,-2.0,1.0,1686.90759277,8.0,1.0,0.0,1.0,0.0,0.0,0.0,1.0,0.0,0.0,0.0,1.0
Brighton,West Ham,D,1,1,A Taylor,2.55,3.25,2.87,19/20,1636.29638672,4.0,3.0,3.0,1.0,1723.3848877,20.0,0.0,-5.0,1.0,3.0,0.0,0.0,0.0,0.0,0.0,3.0,0.0
Everton,Watford,H,1,0,L Mason,1.72,3.8,4.75,19/20,1770.68823242,11.0,1.0,0.0,1.0,1665.29406738,18.0,0.0,-3.0,1.0,1.0,0.0,0.0,0.0,0.0,0.0,1.0,0.0
Norwich,Newcastle,H,3,1,S Attwell,2.25,3.3,3.3,19/20,1629.64550781,16.0,0.0,-3.0,1.0,1709.84643555,14.0,0.0,-1.0,1.0,0.0,0.0,0.0,0.0,0.0,0.0,0.0,0.0
Southampton,Liverpool,A,1,2,A Marriner,6.5,4.75,1.44,19/20,1662.97058105,17.0,0.0,-3.0,1.0,2045.00549316,3.0,3.0,3.0,1.0,0.0,0.0,0.0,3.0,0.0,0.0,0.0,3.0
Man City,Tottenham,D,2,2,M Oliver,1.36,5.25,8.0,19/20,2043.46887207,1.0,3.0,5.0,1.0,1893.31176758,6.0,3.0,2.0,1.0,3.0,0.0,0.0,3.0,0.0,0.0,3.0,3.0
Sheffield United,Crystal Palace,H,1,0,D Coote,2.55,3.1,2.9,19/20,1623.42248535,11.0,1.0,0.0,1.0,1741.52294922,12.0,1.0,0.0,1.0,1.0,0.0,0.0,1.0,0.0,0.0,1.0,1.0
Chelsea,Leicester,D,1,1,O Langford,1.7,3.75,5.0,19/20,1868.06835938,19.0,0.0,-4.0,1.0,1736.25732422,13.0,1.0,0.0,1.0,0.0,0.0,0.0,1.0,0.0,0.0,0.0,1.0
Wolves,Man United,D,1,1,J Moss,3.3,3.3,2.25,19/20,1722.90344238,13.0,1.0,0.0,1.0,1853.31298828,9.0,3.0,4.0,1.0,1.0,0.0,0.0,3.0,0.0,0.0,1.0,3.0
Aston Villa,Everton,H,2,0,M Oliver,3.25,3.5,2.15,19/20,1605.61352539,17.0,0.0,-3.0,2.0,1777.71875,9.0,4.0,1.0,2.0,0.0,0.0,0.0,3.0,0.0,0.0,0.0,2.0
Norwich,Chelsea,A,2,3,M Atkinson,4.33,3.75,1.8,19/20,1644.58178711,12.0,3.0,-1.0,2.0,1865.88183594,16.0,1.0,-4.0,2.0,3.0,0.0,0.0,1.0,0.0,0.0,1.5,0.5
Brighton,Southampton,A,0,2,K Friend,2.4,3.3,3.0,19/20,1639.92431641,5.0,4.0,3.0,2.0,1664.11999512,19.0,0.0,-4.0,2.0,1.0,0.0,0.0,0.0,0.0,0.0,2.0,0.0
Man United,Crystal Palace,A,1,2,P Tierney,1.33,5.25,9.0,19/20,1854.48657227,4.0,4.0,4.0,2.0,1735.01696777,15.0,1.0,-1.0,2.0,1.0,0.0,0.0,0.0,0.0,0.0,2.0,0.5
Sheffield United,Leicester,A,1,2,A Madley,3.3,3.3,2.25,19/20,1635.85009766,8.0,4.0,1.0,2.0,1744.36547852,13.0,2.0,0.0,2.0,3.0,0.0,0.0,1.0,0.0,0.0,2.0,1.0
Watford,West Ham,A,1,3,C Kavanagh,2.05,3.5,3.5,19/20,1664.18518066,20.0,0.0,-4.0,2.0,1725.6784667999998,17.0,1.0,-5.0,2.0,0.0,0.0,0.0,1.0,0.0,0.0,0.0,0.5
Liverpool,Arsenal,H,3,1,A Taylor,1.5,4.6,6.0,19/20,2049.77758789,1.0,6.0,4.0,2.0,1878.04016113,2.0,6.0,2.0,2.0,3.0,0.0,0.0,3.0,0.0,0.0,3.0,3.0
Bournemouth,Man City,A,1,3,A Marriner,15.0,7.5,1.16,19/20,1697.30358887,8.0,4.0,1.0,2.0,2040.94616699,4.0,4.0,5.0,2.0,3.0,0.0,0.0,1.0,0.0,0.0,2.0,2.0
Tottenham,Newcastle,A,0,1,M Dean,1.2,6.5,14.0,19/20,1901.75610352,6.0,4.0,2.0,2.0,1700.83166504,19.0,0.0,-3.0,2.0,1.0,0.0,0.0,0.0,0.0,0.0,2.0,0.0
Wolves,Burnley,D,1,1,C Pawson,1.85,3.4,4.5,19/20,1736.86230469,18.0,2.0,0.0,2.0,1692.74169922,14.0,3.0,2.0,2.0,1.0,0.0,0.0,0.0,0.0,0.0,1.0,1.5
Southampton,Man United,D,1,1,M Dean,3.8,3.3,2.05,19/20,1678.42980957,18.0,3.0,-2.0,3.0,1842.93078613,5.0,4.0,3.0,3.0,3.0,3.0,0.0,0.0,4.0,0.0,1.0,1.3333333333333333
Chelsea,Sheffield United,D,2,2,S Attwell,1.36,4.75,9.0,19/20,1871.30236816,13.0,4.0,-3.0,3.0,1629.97888184,9.0,4.0,0.0,3.0,3.0,4.0,0.0,0.0,4.0,0.0,1.3333333333333333,1.3333333333333333
Crystal Palace,Aston Villa,H,1,0,K Friend,2.15,3.3,3.5,19/20,1748.97045898,10.0,4.0,0.0,3.0,1621.90283203,16.0,3.0,-1.0,3.0,3.0,4.0,0.0,3.0,3.0,0.0,1.3333333333333333,1.0
Leicester,Bournemouth,H,3,1,P Bankes,1.7,4.0,4.75,19/20,1752.63452148,4.0,5.0,1.0,3.0,1695.47631836,11.0,4.0,-1.0,3.0,3.0,5.0,0.0,0.0,4.0,0.0,1.6666666666666667,1.3333333333333333
Man City,Brighton,H,4,0,J Moss,1.08,10.0,26.0,19/20,2045.17126465,2.0,7.0,7.0,3.0,1628.01245117,8.0,4.0,1.0,3.0,3.0,7.0,0.0,0.0,4.0,0.0,2.3333333333333335,1.3333333333333333
Newcastle,Watford,D,1,1,G Scott,2.5,3.25,2.87,19/20,1716.28552246,19.0,3.0,-2.0,3.0,1653.81213379,20.0,0.0,-6.0,3.0,3.0,3.0,0.0,0.0,0.0,0.0,1.0,0.0
West Ham,Norwich,H,2,0,P Tierney,1.85,3.9,3.9,19/20,1738.44946289,14.0,4.0,-3.0,3.0,1641.55895996,17.0,3.0,-2.0,3.0,3.0,4.0,0.0,0.0,3.0,0.0,1.3333333333333333,1.0
Burnley,Liverpool,A,0,3,C Kavanagh,9.5,5.5,1.3,19/20,1696.91394043,6.0,4.0,2.0,3.0,2054.859375,1.0,9.0,6.0,3.0,1.0,4.0,0.0,3.0,9.0,0.0,1.3333333333333333,3.0
Everton,Wolves,H,3,2,A Taylor,2.2,3.25,3.5,19/20,1763.82727051,12.0,4.0,-1.0,3.0,1738.81420898,17.0,3.0,0.0,3.0,0.0,4.0,0.0,1.0,3.0,0.0,1.3333333333333333,1.0
Arsenal,Tottenham,D,2,2,M Atkinson,2.37,3.6,2.8,19/20,1875.3560791,6.0,6.0,0.0,3.0,1888.70019531,10.0,4.0,1.0,3.0,0.0,6.0,0.0,0.0,4.0,0.0,2.0,1.3333333333333333
Liverpool,Newcastle,H,3,1,A Marriner,1.14,8.5,17.0,19/20,2058.43676758,1.0,12.0,9.0,4.0,1712.86413574,14.0,4.0,-2.0,4.0,3.0,9.0,0.0,1.0,4.0,0.0,3.0,1.0
Brighton,Burnley,D,1,1,M Oliver,2.15,3.3,3.5,19/20,1626.53466797,16.0,4.0,-3.0,4.0,1693.33654785,12.0,4.0,-1.0,4.0,0.0,1.0,0.0,0.0,1.0,0.0,1.0,1.0
Man United,Leicester,H,1,0,M Atkinson,1.95,3.5,4.0,19/20,1840.04724121,8.0,5.0,3.0,4.0,1759.80334473,3.0,8.0,3.0,4.0,1.0,2.0,0.0,3.0,7.0,0.0,1.25,2.0
Sheffield United,Southampton,A,0,1,L Mason,2.45,3.2,3.0,19/20,1636.99926758,10.0,5.0,0.0,4.0,1681.31323242,13.0,4.0,-2.0,4.0,1.0,4.0,0.0,1.0,4.0,0.0,1.25,1.0
Tottenham,Crystal Palace,H,4,0,C Pawson,1.36,5.25,8.0,19/20,1890.06103516,9.0,5.0,1.0,4.0,1752.69262695,4.0,7.0,1.0,4.0,1.0,2.0,0.0,3.0,6.0,0.0,1.25,1.75
Wolves,Chelsea,A,2,5,G Scott,2.9,3.3,2.5,19/20,1732.8782959000002,17.0,3.0,-1.0,4.0,1864.28210449,11.0,5.0,-3.0,4.0,0.0,2.0,0.0,1.0,5.0,0.0,0.75,1.25
Norwich,Man City,H,3,2,K Friend,15.0,9.0,1.14,19/20,1635.68798828,19.0,3.0,-4.0,4.0,2046.64904785,2.0,10.0,11.0,4.0,0.0,3.0,0.0,3.0,7.0,0.0,0.75,2.5
Bournemouth,Everton,H,3,1,P Tierney,2.9,3.5,2.4,19/20,1688.30749512,16.0,4.0,-3.0,4.0,1769.76318359,8.0,7.0,0.0,4.0,0.0,3.0,0.0,3.0,6.0,0.0,1.0,1.75
Watford,Arsenal,D,2,2,A Taylor,3.6,3.6,2.0,19/20,1657.23352051,20.0,1.0,-6.0,4.0,1873.99523926,7.0,7.0,0.0,4.0,1.0,1.0,0.0,1.0,4.0,0.0,0.25,1.75
Aston Villa,West Ham,D,0,0,M Dean,2.62,3.5,2.6,19/20,1618.18066406,18.0,3.0,-2.0,4.0,1744.32043457,9.0,7.0,-1.0,4.0,0.0,3.0,0.0,3.0,7.0,0.0,0.75,1.75
Southampton,Bournemouth,A,1,3,C Kavanagh,2.05,3.6,3.5,19/20,1681.84436035,10.0,7.0,-1.0,5.0,1692.33776855,9.0,7.0,-1.0,5.0,3.0,7.0,7.0,3.0,3.0,7.0,1.4,1.4
Leicester,Tottenham,H,2,1,P Tierney,2.87,3.5,2.37,19/20,1747.13146973,6.0,8.0,2.0,5.0,1886.6282959,4.0,8.0,5.0,5.0,0.0,6.0,8.0,3.0,4.0,8.0,1.6,1.6
Burnley,Norwich,H,2,0,D Coote,2.0,3.8,3.5,19/20,1685.18603516,14.0,5.0,-1.0,5.0,1643.2878418,13.0,6.0,-3.0,5.0,1.0,2.0,5.0,3.0,3.0,6.0,1.0,1.2
Everton,Sheffield United,A,0,2,S Hooper,1.61,3.75,6.0,19/20,1749.75378418,10.0,7.0,-2.0,5.0,1620.48901367,15.0,5.0,-1.0,5.0,0.0,3.0,7.0,0.0,1.0,5.0,1.4,1.0
Man City,Watford,H,8,0,M Dean,1.1,11.0,21.0,19/20,2029.57116699,2.0,10.0,10.0,5.0,1653.43103027,20.0,2.0,-6.0,5.0,0.0,6.0,10.0,1.0,2.0,2.0,2.0,0.4
Newcastle,Brighton,D,0,0,M Atkinson,2.5,3.2,3.0,19/20,1703.25158691,18.0,4.0,-4.0,5.0,1618.70629883,16.0,5.0,-3.0,5.0,0.0,4.0,4.0,1.0,1.0,5.0,0.8,1.0
Crystal Palace,Wolves,D,1,1,S Attwell,2.62,3.1,2.87,19/20,1737.55639648,13.0,7.0,-3.0,5.0,1701.41064453,19.0,3.0,-4.0,5.0,0.0,6.0,7.0,0.0,1.0,3.0,1.4,0.6
West Ham,Man United,H,2,0,A Taylor,3.1,3.6,2.2,19/20,1734.49169922,11.0,8.0,-1.0,5.0,1837.88562012,6.0,8.0,4.0,5.0,1.0,7.0,8.0,3.0,4.0,8.0,1.6,1.6
Arsenal,Aston Villa,H,3,2,J Moss,1.4,4.75,8.0,19/20,1874.06005859,10.0,8.0,0.0,5.0,1612.03039551,18.0,4.0,-2.0,5.0,1.0,2.0,8.0,1.0,4.0,4.0,1.6,0.8
Chelsea,Liverpool,A,1,2,M Oliver,3.5,3.75,2.0,19/20,1855.12854004,9.0,8.0,0.0,5.0,2034.71508789,1.0,15.0,11.0,5.0,3.0,7.0,8.0,3.0,9.0,15.0,1.6,3.0
Sheffield United,Liverpool,A,0,1,A Taylor,9.0,5.25,1.33,19/20,1638.55712891,10.0,8.0,1.0,6.0,2039.65405273,1.0,18.0,12.0,6.0,3.0,4.0,7.0,3.0,9.0,15.0,1.3333333333333333,3.0
Aston Villa,Burnley,D,2,2,L Mason,2.3,3.4,3.1,19/20,1610.22265625,18.0,4.0,-3.0,6.0,1692.84143066,9.0,8.0,1.0,6.0,0.0,1.0,4.0,3.0,4.0,5.0,0.6666666666666666,1.3333333333333333
Bournemouth,West Ham,D,2,2,S Attwell,2.5,3.5,2.75,19/20,1705.36083984,6.0,10.0,1.0,6.0,1747.57666016,5.0,11.0,1.0,6.0,3.0,6.0,9.0,3.0,7.0,11.0,1.6666666666666667,1.8333333333333333
Chelsea,Brighton,H,2,0,C Kavanagh,1.4,4.75,8.0,19/20,1850.1895752,11.0,8.0,-1.0,6.0,1622.65820312,15.0,6.0,-3.0,6.0,0.0,4.0,8.0,1.0,2.0,3.0,1.3333333333333333,1.0
Crystal Palace,Norwich,H,2,0,J Moss,1.9,3.75,3.75,19/20,1734.9017334000002,12.0,8.0,-3.0,6.0,1635.63244629,16.0,6.0,-5.0,6.0,1.0,4.0,7.0,0.0,3.0,6.0,1.3333333333333333,1.0
Tottenham,Southampton,H,2,1,G Scott,1.4,4.75,8.0,19/20,1876.48706055,7.0,8.0,4.0,6.0,1668.82128906,13.0,7.0,-3.0,6.0,0.0,4.0,5.0,0.0,4.0,7.0,1.3333333333333333,1.1666666666666667
Wolves,Watford,H,2,0,P Tierney,1.85,3.4,4.5,19/20,1704.06542969,19.0,4.0,-4.0,6.0,1650.86291504,20.0,2.0,-14.0,6.0,1.0,1.0,3.0,0.0,2.0,2.0,0.6666666666666666,0.3333333333333333
Everton,Man City,A,1,3,M Oliver,10.0,5.5,1.3,19/20,1731.68579102,14.0,7.0,-4.0,6.0,2032.13928223,2.0,13.0,18.0,6.0,0.0,3.0,6.0,3.0,6.0,10.0,1.1666666666666667,2.1666666666666665
Leicester,Newcastle,H,5,0,C Pawson,1.5,4.0,7.5,19/20,1757.27270508,5.0,11.0,3.0,6.0,1699.29956055,19.0,5.0,-4.0,6.0,3.0,6.0,10.0,1.0,2.0,5.0,1.8333333333333333,0.8333333333333334
Man United,Arsenal,D,1,1,K Friend,2.37,3.5,2.9,19/20,1824.80078125,11.0,8.0,2.0,6.0,1875.86779785,8.0,11.0,1.0,6.0,0.0,4.0,5.0,3.0,5.0,8.0,1.3333333333333333,1.8333333333333333
Brighton,Tottenham,H,3,0,J Moss,3.9,3.6,1.9,19/20,1618.02966309,16.0,6.0,-5.0,7.0,1858.40698242,6.0,11.0,5.0,7.0,0.0,2.0,2.0,3.0,6.0,7.0,0.8571428571428571,1.5714285714285714
Burnley,Everton,H,1,0,G Scott,2.87,3.3,2.5,19/20,1690.73400879,11.0,9.0,1.0,7.0,1726.37780762,15.0,7.0,-6.0,7.0,1.0,5.0,6.0,0.0,0.0,3.0,1.2857142857142858,1.0
Liverpool,Leicester,H,2,1,C Kavanagh,1.44,4.75,7.0,19/20,2041.65454102,1.0,21.0,13.0,7.0,1767.73083496,3.0,14.0,8.0,7.0,3.0,9.0,15.0,3.0,6.0,12.0,3.0,2.0
Norwich,Aston Villa,A,1,5,A Madley,2.37,3.6,2.8,19/20,1628.21411133,17.0,6.0,-7.0,7.0,1609.47021484,18.0,5.0,-3.0,7.0,0.0,3.0,3.0,1.0,2.0,5.0,0.8571428571428571,0.7142857142857143
Watford,Sheffield United,D,0,0,A Marriner,2.05,3.4,3.6,19/20,1641.95910645,20.0,2.0,-16.0,7.0,1635.52575684,12.0,8.0,0.0,7.0,0.0,1.0,2.0,0.0,3.0,4.0,0.2857142857142857,1.1428571428571428
West Ham,Crystal Palace,A,1,2,M Oliver,1.95,3.6,3.8,19/20,1746.63061523,5.0,12.0,1.0,7.0,1739.46008301,9.0,11.0,-1.0,7.0,1.0,5.0,11.0,3.0,4.0,10.0,1.7142857142857142,1.5714285714285714
Arsenal,Bournemouth,H,1,0,M Atkinson,1.44,4.75,7.0,19/20,1877.75170898,6.0,12.0,1.0,7.0,1703.44689941,10.0,11.0,1.0,7.0,1.0,5.0,6.0,1.0,7.0,7.0,1.7142857142857142,1.5714285714285714
Man City,Wolves,A,0,2,C Pawson,1.12,9.0,21.0,19/20,2036.05639648,2.0,16.0,20.0,7.0,1715.98388672,15.0,7.0,-2.0,7.0,3.0,6.0,12.0,3.0,4.0,5.0,2.2857142857142856,1.0
Southampton,Chelsea,A,1,4,P Tierney,4.0,3.8,1.85,19/20,1664.91162109,16.0,7.0,-4.0,7.0,1857.44018555,9.0,11.0,1.0,7.0,0.0,3.0,7.0,3.0,6.0,10.0,1.0,1.5714285714285714
Newcastle,Man United,H,1,0,M Dean,4.5,3.5,1.85,19/20,1685.98156738,19.0,5.0,-9.0,7.0,1820.16052246,11.0,9.0,2.0,7.0,0.0,1.0,5.0,1.0,4.0,5.0,0.7142857142857143,1.2857142857142858
Everton,West Ham,H,2,0,P Tierney,1.95,3.75,3.75,19/20,1718.94494629,18.0,7.0,-7.0,8.0,1737.04052734,8.0,12.0,0.0,8.0,0.0,0.0,3.0,0.0,4.0,8.0,0.875,1.5
Aston Villa,Brighton,H,2,1,D Coote,2.35,3.4,3.0,19/20,1629.29833984,15.0,8.0,1.0,8.0,1639.87634277,14.0,9.0,-2.0,8.0,3.0,4.0,5.0,3.0,4.0,5.0,1.0,1.125
Bournemouth,Norwich,D,0,0,L Mason,1.72,4.2,4.2,19/20,1700.71789551,10.0,11.0,0.0,8.0,1608.38598633,19.0,6.0,-11.0,8.0,0.0,4.0,7.0,0.0,0.0,3.0,1.375,0.75
Chelsea,Newcastle,H,1,0,A Marriner,1.3,5.5,10.0,19/20,1865.8190918,5.0,14.0,4.0,8.0,1696.11291504,16.0,8.0,-8.0,8.0,3.0,6.0,10.0,3.0,4.0,5.0,1.75,1.0
Leicester,Burnley,H,2,1,J Moss,1.57,4.0,6.0,19/20,1766.02478027,4.0,14.0,7.0,8.0,1698.16687012,7.0,12.0,2.0,8.0,0.0,6.0,9.0,3.0,7.0,8.0,1.75,1.5
Tottenham,Watford,D,1,1,C Kavanagh,1.4,5.0,7.5,19/20,1836.56030273,9.0,11.0,2.0,8.0,1640.09387207,20.0,3.0,-16.0,8.0,0.0,3.0,7.0,1.0,1.0,3.0,1.375,0.375
Wolves,Southampton,D,1,1,P Bankes,1.8,3.6,4.5,19/20,1738.27270508,11.0,10.0,0.0,8.0,1656.53271484,17.0,7.0,-7.0,8.0,3.0,7.0,7.0,0.0,0.0,4.0,1.25,0.875
Crystal Palace,Man City,A,0,2,A Taylor,12.0,7.0,1.22,19/20,1749.05029297,6.0,14.0,0.0,8.0,2013.76745605,2.0,16.0,18.0,8.0,3.0,7.0,10.0,0.0,6.0,9.0,1.75,2.0
Man United,Liverpool,D,1,1,M Atkinson,5.25,3.8,1.65,19/20,1810.0291748,14.0,9.0,1.0,8.0,2043.36047363,1.0,24.0,14.0,8.0,0.0,1.0,5.0,3.0,9.0,15.0,1.125,3.0
Sheffield United,Arsenal,H,1,0,M Dean,3.9,3.75,1.9,19/20,1637.39099121,15.0,9.0,0.0,8.0,1880.48083496,5.0,15.0,2.0,8.0,1.0,4.0,5.0,3.0,7.0,9.0,1.125,1.875
Southampton,Leicester,A,0,9,A Marriner,3.1,3.4,2.3,19/20,1669.12658691,17.0,8.0,-7.0,9.0,1779.68640137,3.0,17.0,8.0,9.0,1.0,1.0,4.0,3.0,6.0,9.0,0.8888888888888888,1.8888888888888888
Man City,Aston Villa,H,3,0,G Scott,1.08,11.0,26.0,19/20,2030.0489502,3.0,19.0,20.0,9.0,1644.78405762,12.0,11.0,2.0,9.0,3.0,6.0,9.0,3.0,7.0,8.0,2.111111111111111,1.2222222222222223
Brighton,Everton,H,3,2,A Madley,2.9,3.25,2.5,19/20,1641.78393555,16.0,9.0,-3.0,9.0,1737.34838867,15.0,10.0,-5.0,9.0,0.0,3.0,5.0,3.0,3.0,3.0,1.0,1.1111111111111112
Watford,Bournemouth,D,0,0,M Dean,2.15,3.6,3.25,19/20,1655.09216309,20.0,4.0,-16.0,9.0,1705.26196289,10.0,12.0,0.0,9.0,1.0,2.0,3.0,1.0,2.0,8.0,0.4444444444444444,1.3333333333333333
West Ham,Sheffield United,D,1,1,D Coote,2.1,3.5,3.5,19/20,1736.03039551,11.0,12.0,-2.0,9.0,1658.37731934,9.0,12.0,1.0,9.0,0.0,1.0,5.0,3.0,4.0,7.0,1.3333333333333333,1.3333333333333333
Burnley,Chelsea,A,2,4,M Oliver,4.5,4.0,1.72,19/20,1701.89855957,8.0,12.0,1.0,9.0,1887.94946289,4.0,17.0,5.0,9.0,0.0,4.0,8.0,3.0,9.0,12.0,1.3333333333333333,1.8888888888888888
Newcastle,Wolves,D,1,1,K Friend,3.0,3.1,2.55,19/20,1701.78295898,17.0,8.0,-9.0,9.0,1745.65136719,13.0,11.0,0.0,9.0,0.0,3.0,4.0,1.0,7.0,8.0,0.8888888888888888,1.2222222222222223
Arsenal,Crystal Palace,D,2,2,M Atkinson,1.45,4.75,6.5,19/20,1877.86328125,5.0,15.0,1.0,9.0,1752.99572754,6.0,14.0,-2.0,9.0,0.0,4.0,8.0,0.0,6.0,7.0,1.6666666666666667,1.5555555555555556
Liverpool,Tottenham,H,2,1,A Taylor,1.5,4.33,6.5,19/20,2050.20947266,1.0,25.0,14.0,9.0,1842.75671387,10.0,12.0,2.0,9.0,1.0,7.0,13.0,1.0,4.0,7.0,2.7777777777777777,1.3333333333333333
Norwich,Man United,A,1,3,S Attwell,4.33,4.0,1.75,19/20,1621.23522949,19.0,7.0,-11.0,9.0,1827.53540039,15.0,10.0,1.0,9.0,1.0,1.0,4.0,1.0,2.0,5.0,0.7777777777777778,1.1111111111111112
Bournemouth,Man United,H,1,0,C Kavanagh,3.25,3.6,2.15,19/20,1705.67785645,9.0,13.0,0.0,10.0,1834.09753418,7.0,13.0,3.0,10.0,1.0,2.0,6.0,3.0,4.0,5.0,1.3,1.3
Arsenal,Wolves,D,1,1,M Oliver,1.75,3.75,4.75,19/20,1872.84863281,5.0,16.0,1.0,10.0,1746.30639648,12.0,12.0,0.0,10.0,1.0,4.0,8.0,1.0,5.0,9.0,1.6,1.2
Aston Villa,Liverpool,A,1,2,J Moss,9.0,5.0,1.33,19/20,1643.33581543,15.0,11.0,-1.0,10.0,2052.54418945,1.0,28.0,15.0,10.0,0.0,6.0,7.0,3.0,7.0,13.0,1.1,2.8
Brighton,Norwich,H,2,0,K Friend,1.72,4.2,4.33,19/20,1650.73547363,14.0,12.0,-2.0,10.0,1614.67321777,19.0,7.0,-13.0,10.0,3.0,6.0,7.0,0.0,1.0,1.0,1.2,0.7
Man City,Southampton,H,2,1,L Mason,1.07,13.0,23.0,19/20,2031.49719238,2.0,22.0,23.0,10.0,1648.39477539,18.0,8.0,-16.0,10.0,3.0,6.0,12.0,0.0,1.0,1.0,2.2,0.8
Sheffield United,Burnley,H,3,0,S Hooper,2.25,3.2,3.4,19/20,1662.25793457,8.0,13.0,1.0,10.0,1694.79003906,13.0,12.0,-1.0,10.0,1.0,5.0,8.0,0.0,3.0,7.0,1.3,1.2
West Ham,Newcastle,A,2,3,S Attwell,1.75,3.8,4.5,19/20,1732.1496582000002,10.0,13.0,-2.0,10.0,1701.12792969,17.0,9.0,-9.0,10.0,1.0,1.0,5.0,1.0,4.0,5.0,1.3,0.9
Watford,Chelsea,A,1,2,A Taylor,5.0,4.33,1.61,19/20,1654.67614746,20.0,5.0,-16.0,10.0,1895.0579834,4.0,20.0,7.0,10.0,1.0,3.0,3.0,3.0,9.0,12.0,0.5,2.0
Crystal Palace,Leicester,A,0,2,P Tierney,3.5,3.4,2.1,19/20,1758.01049805,9.0,15.0,-2.0,10.0,1800.41833496,4.0,20.0,17.0,10.0,1.0,4.0,8.0,3.0,6.0,12.0,1.5,2.0
Everton,Tottenham,D,1,1,M Atkinson,2.7,3.4,2.6,19/20,1728.39697266,17.0,10.0,-6.0,10.0,1840.42199707,13.0,12.0,1.0,10.0,0.0,3.0,3.0,0.0,1.0,4.0,1.0,1.2
Norwich,Watford,A,0,2,A Marriner,2.7,3.5,2.55,19/20,1605.83532715,19.0,7.0,-15.0,11.0,1649.71972656,20.0,5.0,-17.0,11.0,0.0,1.0,1.0,0.0,2.0,3.0,0.6363636363636364,0.45454545454545453
Chelsea,Crystal Palace,H,2,0,M Dean,1.33,5.0,10.0,19/20,1895.22094727,4.0,23.0,8.0,11.0,1744.83166504,9.0,15.0,-4.0,11.0,3.0,9.0,15.0,0.0,1.0,7.0,2.090909090909091,1.3636363636363635
Burnley,West Ham,H,3,0,K Friend,2.25,3.5,3.1,19/20,1681.2130127,14.0,12.0,-4.0,11.0,1720.36413574,13.0,13.0,-3.0,11.0,0.0,0.0,4.0,0.0,1.0,2.0,1.0909090909090908,1.1818181818181819
Newcastle,Bournemouth,H,2,1,M Atkinson,2.55,3.25,2.8,19/20,1710.7557373,15.0,12.0,-8.0,11.0,1714.26916504,7.0,16.0,1.0,11.0,3.0,4.0,7.0,3.0,5.0,6.0,1.0909090909090908,1.4545454545454546
Southampton,Everton,A,1,2,P Tierney,2.9,3.3,2.45,19/20,1646.47009277,19.0,8.0,-17.0,11.0,1728.64941406,17.0,11.0,-6.0,11.0,0.0,1.0,1.0,1.0,4.0,4.0,0.7272727272727273,1.0
Tottenham,Sheffield United,D,1,1,G Scott,1.57,4.0,6.0,19/20,1844.76953125,11.0,13.0,1.0,11.0,1673.67712402,6.0,16.0,4.0,11.0,1.0,2.0,5.0,3.0,7.0,8.0,1.1818181818181819,1.4545454545454546
Leicester,Arsenal,H,2,0,C Kavanagh,2.0,3.75,3.5,19/20,1811.43933105,3.0,23.0,19.0,11.0,1860.17272949,5.0,17.0,1.0,11.0,3.0,9.0,12.0,1.0,2.0,6.0,2.090909090909091,1.5454545454545454
Man United,Brighton,H,3,1,J Moss,1.6,3.75,6.5,19/20,1826.72277832,14.0,13.0,2.0,11.0,1657.41552734,8.0,15.0,0.0,11.0,0.0,4.0,5.0,3.0,6.0,9.0,1.1818181818181819,1.3636363636363635
Wolves,Aston Villa,H,2,1,A Taylor,1.9,3.5,4.2,19/20,1751.30957031,15.0,13.0,0.0,11.0,1640.69848633,17.0,11.0,-2.0,11.0,1.0,3.0,9.0,0.0,3.0,7.0,1.1818181818181819,1.0
Liverpool,Man City,H,3,1,M Oliver,2.5,3.6,2.62,19/20,2053.54370117,1.0,31.0,16.0,11.0,2025.33654785,4.0,25.0,24.0,11.0,3.0,7.0,13.0,3.0,9.0,12.0,2.8181818181818183,2.272727272727273
West Ham,Tottenham,A,2,3,M Oliver,4.2,4.33,1.7,19/20,1707.62719727,16.0,13.0,-6.0,12.0,1838.90197754,14.0,14.0,1.0,12.0,0.0,1.0,1.0,1.0,2.0,3.0,1.0833333333333333,1.1666666666666667
Arsenal,Southampton,D,2,2,S Attwell,1.45,4.75,6.5,19/20,1849.49536133,6.0,17.0,-1.0,12.0,1638.99597168,19.0,8.0,-18.0,12.0,0.0,2.0,5.0,0.0,0.0,1.0,1.4166666666666667,0.6666666666666666
Bournemouth,Wolves,A,1,2,S Hooper,2.75,3.3,2.6,19/20,1707.71069336,9.0,16.0,0.0,12.0,1755.30981445,8.0,16.0,1.0,12.0,0.0,4.0,5.0,3.0,5.0,9.0,1.3333333333333333,1.3333333333333333
Brighton,Leicester,A,0,2,M Dean,3.75,3.5,2.0,19/20,1653.0847168,11.0,15.0,-2.0,12.0,1822.11669922,2.0,26.0,21.0,12.0,0.0,6.0,9.0,3.0,9.0,12.0,1.25,2.1666666666666665
Crystal Palace,Liverpool,A,1,2,K Friend,7.5,4.75,1.4,19/20,1740.19836426,12.0,15.0,-6.0,12.0,2061.50341797,1.0,34.0,18.0,12.0,0.0,1.0,4.0,3.0,9.0,13.0,1.25,2.8333333333333335
Everton,Norwich,A,0,2,A Taylor,1.36,5.1,8.0,19/20,1736.12341309,15.0,14.0,-5.0,12.0,1594.01721191,20.0,7.0,-17.0,12.0,3.0,4.0,7.0,0.0,0.0,1.0,1.1666666666666667,0.5833333333333334
Watford,Burnley,A,0,3,P Tierney,2.3,3.4,3.1,19/20,1661.5378418,18.0,8.0,-15.0,12.0,1693.94995117,10.0,15.0,-1.0,12.0,3.0,4.0,6.0,3.0,3.0,6.0,0.6666666666666666,1.25
Man City,Chelsea,H,2,1,M Atkinson,1.44,5.0,6.5,19/20,2017.37683105,4.0,25.0,22.0,12.0,1899.85424805,3.0,26.0,10.0,12.0,0.0,6.0,9.0,3.0,9.0,15.0,2.0833333333333335,2.1666666666666665
Sheffield United,Man United,D,3,3,A Marriner,3.5,3.4,2.1,19/20,1679.54467773,8.0,17.0,4.0,12.0,1831.05358887,10.0,16.0,4.0,12.0,1.0,5.0,9.0,3.0,6.0,7.0,1.4166666666666667,1.3333333333333333
Aston Villa,Newcastle,H,2,0,L Mason,2.05,3.4,3.7,19/20,1636.69836426,17.0,11.0,-3.0,12.0,1717.31420898,14.0,15.0,-7.0,12.0,0.0,0.0,6.0,3.0,7.0,10.0,0.9166666666666666,1.25
Newcastle,Man City,D,2,2,C Kavanagh,13.0,8.0,1.16,19/20,1701.39941406,14.0,15.0,-9.0,13.0,2010.10778809,3.0,28.0,23.0,13.0,0.0,6.0,7.0,3.0,6.0,12.0,1.1538461538461537,2.1538461538461537
Burnley,Crystal Palace,A,0,2,P Bankes,2.25,3.25,3.3,19/20,1705.46044922,7.0,18.0,2.0,13.0,1733.91662598,13.0,15.0,-7.0,13.0,3.0,6.0,6.0,0.0,0.0,1.0,1.3846153846153846,1.1538461538461537
Chelsea,West Ham,A,0,1,J Moss,1.28,6.0,9.0,19/20,1891.52050781,4.0,26.0,9.0,13.0,1697.67150879,17.0,13.0,-7.0,13.0,0.0,6.0,12.0,0.0,0.0,1.0,2.0,1.0
Liverpool,Brighton,H,2,1,M Atkinson,1.18,7.0,15.0,19/20,2052.71875,1.0,37.0,19.0,13.0,1641.75415039,12.0,15.0,-4.0,13.0,3.0,9.0,13.0,0.0,3.0,6.0,2.8461538461538463,1.1538461538461537
Tottenham,Bournemouth,H,3,2,L Mason,1.36,5.5,7.5,19/20,1845.4942627,10.0,17.0,2.0,13.0,1695.59301758,11.0,16.0,-1.0,13.0,3.0,5.0,6.0,0.0,3.0,5.0,1.3076923076923077,1.2307692307692308
Southampton,Watford,H,2,1,M Oliver,2.1,3.4,3.5,19/20,1641.89526367,19.0,9.0,-18.0,13.0,1642.64172363,20.0,8.0,-18.0,13.0,1.0,1.0,2.0,0.0,3.0,5.0,0.6923076923076923,0.6153846153846154
Norwich,Arsenal,D,2,2,P Tierney,4.0,4.33,1.75,19/20,1608.49060059,19.0,10.0,-15.0,13.0,1839.21044922,9.0,18.0,-1.0,13.0,3.0,3.0,4.0,1.0,2.0,3.0,0.7692307692307693,1.3846153846153846
Wolves,Sheffield United,D,1,1,D Coote,1.9,3.5,4.2,19/20,1760.04174805,6.0,19.0,2.0,13.0,1678.41809082,7.0,18.0,4.0,13.0,3.0,7.0,9.0,1.0,5.0,9.0,1.4615384615384615,1.3846153846153846
Leicester,Everton,H,2,1,G Scott,1.61,4.0,5.25,19/20,1826.06152344,3.0,29.0,23.0,13.0,1714.2644042999998,17.0,14.0,-7.0,13.0,3.0,9.0,15.0,0.0,4.0,7.0,2.230769230769231,1.0769230769230769
Man United,Aston Villa,D,2,2,C Pawson,1.45,4.5,7.0,19/20,1824.79455566,11.0,17.0,4.0,13.0,1645.22741699,16.0,14.0,-1.0,13.0,1.0,4.0,8.0,3.0,3.0,6.0,1.3076923076923077,1.0769230769230769
